post_id,postUser,timestamp,likesCount,commentsCount,keywords_posts
1,maryleest,2023-06-02 16:34:43+00:00,32070,142,"['cannes', 'dress', 'kiliancannes', 'wearing', 'sparkles']"
2,tinaabeysekara,2023-01-01 07:49:16+00:00,6565,86,"['clock', 'struck', 'midnight', 'ring', 'cried']"
3,maryleest,2023-05-29 18:57:51+00:00,28936,123,"['dress', 'famous', 'stairs', 'photo', 'jewelry']"
4,stephaniebroek,2023-03-07 19:30:42+00:00,4764,215,"['show', 'chanel', 'fashion', 'visualized', 'moment', 'many', 'times', 'first', 'collection']"
5,maryleest,2023-05-23 21:11:12+00:00,13379,123,"['cannes', 'cannesfilmfestival', 'got', 'witness', 'historical', 'moment', 'cinema']"
6,stephaniebroek,2023-06-04 18:15:30+00:00,2690,85,"['back', 'home', 'mind', 'still', 'no_hashtag']"
7,maryleest,2023-05-22 12:33:05+00:00,30237,112,"['cannes', 'festival', 'red', 'second', 'film', 'jewelry']"
8,stephaniebroek,2023-06-02 15:00:21+00:00,978,53,"['chic', 'last', 'summer', 'lived', 'kaftans', 'third', 'look']"
9,maryleest,2023-05-19 20:20:16+00:00,32123,172,"['cannes', 'festival', 'dress', 'audrey', 'hepburn', 'moment', 'first', 'th', 'jewelry']"
10,stephaniebroek,2023-06-01 18:23:18+00:00,2277,51,"['miu', 'first', 'mini', 'holiday', 'olive', 'suitcase', 'pants', 'vintage']"
11,maryleest,2023-05-26 12:43:54+00:00,27133,144,"['cannes', 'dress', 'last', 'red', 'carpet', 'asteroid', 'jewelry']"
12,stephaniebroek,2023-05-31 18:38:50+00:00,725,30,"['villa', 'magnan', 'no_hashtag']"
13,stephaniebroek,2023-05-23 18:51:43+00:00,1618,37,"['feminine', 'urge', 'reinvent', 'change', 'seasons', 'clothing', 'jacket']"
14,stephaniebroek,2023-05-24 18:27:22+00:00,1271,47,"['never', 'searching', 'perfect', 'jeans', 'add']"
15,maryleest,2023-05-23 10:49:35+00:00,31144,163,"['cannes', 'festival', 'couture', 'dress', 'wearing', 'custom', 'flower', 'jewelry']"
16,tinaabeysekara,2023-04-23 19:52:12+00:00,2364,71,"['save', 'one', 'white', 'tee', 'effortless']"
17,stephaniebroek,2023-05-10 19:16:22+00:00,1042,26,"['bc', 'cruise', 'morning', 'ce', 'era']"
18,stephaniebroek,2023-05-14 18:43:00+00:00,4162,234,"['new', 'level', 'life', 'unlocked', 'motherhood']"
19,stephaniebroek,2023-05-07 18:25:02+00:00,1396,44,"['caprani', 'no_hashtag']"
20,stephaniebroek,2023-05-05 14:37:51+00:00,1804,47,"['something', 'blue', 'no_hashtag']"
21,gisele,2023-05-21 18:55:47+00:00,360447,2720,"['gala', 'used', 'think', 'make', 'difference', 'one']"
22,gisele,2023-06-05 14:49:32+00:00,420347,2504,"['mother', 'nature', 'greatest', 'teacher', 'shows']"
23,gisele,2023-05-14 22:12:36+00:00,634005,2259,"['happy', 'mother', 'day', 'mom', 'infinite']"
24,gisele,2023-05-02 19:32:40+00:00,1343038,16342,"['gala', 'back', 'met', 'honor', 'karl']"
25,gisele,2023-05-04 16:43:31+00:00,641945,5461,"['ready', 'summer', 'new', 'campaign', 'jimmychoo']"
26,gisele,2023-04-26 18:23:39+00:00,115366,1446,"['words', 'express', 'gratitude', 'places', 'like']"
27,rhyancaminske,2023-06-02 01:50:26+00:00,206,21,"['streetstyle', 'happy', 'june', 'loving', 'amazon', 'tanks']"
28,rhyancaminske,2023-05-15 02:06:35+00:00,209,10,"['ones', 'call', 'mom', 'no_hashtag']"
29,rhyancaminske,2023-05-30 00:21:55+00:00,171,6,['no_hashtag']
30,rhyancaminske,2023-05-17 12:36:01+00:00,122,13,"['streetstyle', 'conference', 'things', 'ton', 'talking', 'walking', 'pants']"
31,rhyancaminske,2023-06-05 17:44:13+00:00,101,11,"['wear', 'streetstyle', 'mondays', 'great', 'love', 'job', 'new']"
32,rhyancaminske,2023-05-18 17:17:20+00:00,124,9,"['one', 'best', 'parts', 'dc', 'week']"
33,rhyancaminske,2023-04-21 01:58:57+00:00,174,9,"['streetstyle', 'tbt', 'dinner', 'dates', 'favorite', 'food']"
34,rhyancaminske,2023-05-15 02:02:44+00:00,126,3,"['happy', 'mother', 'day', 'wishing', 'mom']"
35,rhyancaminske,2023-04-16 14:27:10+00:00,146,13,"['ab', 'workouts', 'loving', 'normally', 'hate', 'look']"
36,rhyancaminske,2023-05-02 18:53:40+00:00,102,7,"['𝕞𝕠𝕟𝕥𝕙', 'progress', 'update', 'hair', 'supplements']"
37,rhyancaminske,2023-04-17 18:43:30+00:00,135,10,"['streetstyle', 'well', 'since', 'jeans', 'big', 'hit']"
38,rhyancaminske,2023-04-20 01:39:11+00:00,132,7,"['dress', 'streetstyle', 'take', 'back', 'warm', 'weather', 'tshirt', 'shirt']"
39,gisele,2023-04-18 14:59:12+00:00,362493,4089,"['nova', 'campanha', 'new', 'vivara', 'campaign']"
40,stephaniebroek,2023-05-21 17:52:26+00:00,1349,42,"['ballet', 'flats', 'parachute', 'pants', 'elite', 'jacket']"
41,carodaur,2023-06-03 12:25:54+00:00,25002,809,"['comment', 'fav', 'look', 'handshake', 'no_hashtag']"
42,carodaur,2023-06-04 19:27:37+00:00,35122,137,"['last', 'week', 'daurdump']"
43,carodaur,2023-05-30 09:58:36+00:00,52006,282,"['last', 'week', 'daurdump']"
44,camilacoelho,2023-05-29 18:14:32+00:00,101242,284,"['race', 'weekend', 'fmonaco', 'grew', 'like']"
45,camilacoelho,2023-05-27 16:11:39+00:00,158048,744,"['cannes', 'riviera', 'golden', 'hour', 'ootd']"
46,josefinehj,2023-06-06 16:21:47+00:00,11234,47,['no_hashtag']
47,dolcegabbana_beauty,2023-05-08 13:00:13+00:00,12719,284,"['feeling', 'dgsummervibes', 'idyllic', 'capri', 'setting']"
48,aimeesong,2023-05-08 19:50:46+00:00,19844,213,"['grateful', 'mothersday', 'tiffanypartner']"
49,camilacoelho,2023-05-14 18:40:24+00:00,125312,421,"['runway', 'dress', 'first', 'mother', 'day', 'still', 'pinch', 'watch']"
50,camilacoelho,2023-05-07 16:57:17+00:00,270901,823,"['race', 'weekend', 'mood', 'ootn', 'fim']"
51,camilacoelho,2023-05-23 22:12:43+00:00,137836,733,"['cannes', 'riviera', 'touchdown', 'look', 'ad']"
52,camilacoelho,2023-05-13 19:08:25+00:00,356527,652,"['months', 'ago', 'till', 'biggest', 'dream']"
53,camilacoelho,2023-05-07 23:55:16+00:00,338678,981,"['let', 'race', 'thanks', 'epic', 'day']"
54,everyday.holly,2023-06-04 22:48:49+00:00,1308,385,"['outfit', 'happy', 'sunday', 'last', 'weeks', 'top', 'tiktok look', 'outfit picture']"
55,everyday.holly,2023-05-28 15:12:41+00:00,1009,255,"['outfit', 'happy', 'sunday', 'last', 'weeks', 'top', 'outfit picture', 'tiktok look']"
56,lojafashioncloset,2023-06-05 13:49:24+00:00,118,4,"['se', 'esfriar', 'gente', 'já', 'escolheu']"
57,josefinehj,2023-06-01 15:26:54+00:00,11328,66,"['pj', 'suede', 'no_hashtag']"
58,josefinehj,2023-06-02 13:10:53+00:00,4864,25,['no_hashtag']
59,lojafashioncloset,2023-05-30 15:56:19+00:00,648,9,"['tá', 'nosso', 'drop', 'fshn', 'trip']"
60,lojafashioncloset,2023-06-02 15:42:27+00:00,479,7,"['fshnlook', 'ela', 'usa', 'calça', 'fshn']"
61,lojafashioncloset,2023-05-29 00:07:00+00:00,350,9,"['fashion', 'fshn', 'trip', 'nosso', 'novo', 'drop']"
62,stephaniebroek,2023-04-20 18:47:30+00:00,2306,63,"['love', 'anonymous', 'anti', 'bag', 'sac']"
63,stephaniebroek,2023-04-26 18:23:59+00:00,1135,108,"['wear', 'dress', 'chic', 'tuxedo', 'think', 'kempner', 'famously', 'jacket', 'pants']"
64,stephaniebroek,2023-04-10 18:37:24+00:00,427,13,"['paris', 'plan', 'de', 'diorss', 'diorss23']"
65,stephaniebroek,2023-04-06 18:36:35+00:00,1802,25,"['months', 'later', 'still', 'thinking', 'no_hashtag']"
66,stephaniebroek,2023-03-22 19:12:35+00:00,899,47,"['fashion', 'favorite', 'widow', 'no_hashtag']"
67,stephaniebroek,2023-03-30 18:33:39+00:00,3462,79,"['march', 'camera', 'roll', 'month', 'old']"
68,stephaniebroek,2023-03-26 18:51:51+00:00,1897,44,"['offwhite', 'weekend', 'museum', 'fit', 'tuxedo', 'trousers', 'bag', 'collection']"
69,stephaniebroek,2023-03-08 20:17:02+00:00,891,20,"['paris', 'fashion', 'last', 'year', 'fortunate', 'enough', 'visit', 'collection']"
70,stephaniebroek,2023-03-21 19:10:16+00:00,1821,93,"['pov', 'new', 'store', 'obsessing', 'icey', 'vintage']"
71,stephaniebroek,2023-03-19 19:29:55+00:00,1390,54,"['wear', 'summer', 'cosplay', 'home', 'ss', 'weather', 'shorts']"
72,gisele,2023-03-22 12:09:04+00:00,359437,4552,"['new', 'styled', 'thank', 'michelle', 'ruiz']"
73,marianodivaio,2023-05-19 11:08:17+00:00,78977,538,"['many', 'times', 'week', 'train', 'changed']"
74,marianodivaio,2023-05-27 17:56:03+00:00,109884,1542,"['really', 'words', 'thing', 'say', 'thank']"
75,marianodivaio,2023-05-28 08:17:07+00:00,59519,642,"['merci', 'mdvfoundation', 'missionafrica', 'jesusisking', 'ph']"
76,marianodivaio,2023-05-15 12:02:09+00:00,60932,274,"['blast', 'playing', 'golf', 'golfswing', 'golfaddict']"
77,gisele,2023-02-14 14:17:38+00:00,537505,4704,"['pure', 'love', 'convinced', 'little', 'angels']"
78,gisele,2022-12-18 13:14:51+00:00,1637385,14271,"['recharging', 'little', 'ones', 'country', 'recarregando']"
79,gisele,2022-12-27 13:08:57+00:00,1158317,10326,"['meu', 'rio', 'grande', 'sul', 'céu']"
80,gisele,2023-02-20 20:58:40+00:00,1559091,20397,"['foi', 'muito', 'especial', 'voltar', 'ao']"
81,rhyancaminske,2023-04-11 00:47:33+00:00,130,1,"['streetstyle', 'finally', 'seeing', 'signs', 'spring', 'even']"
82,josefinehj,2023-05-29 10:28:32+00:00,10087,62,['no_hashtag']
83,rhyancaminske,2023-03-26 14:31:20+00:00,184,8,"['streetstyle', 'sunday', 'vibes', 'favorite', 'lounge', 'bra']"
84,josefinehj,2023-05-26 17:13:16+00:00,3913,16,"['small', 'things', 'found', 'beautiful', 'italy', 'paris fashion']"
85,rhyancaminske,2023-03-22 17:58:22+00:00,206,10,"['hair', 'healing', 'journey', 'mentioned', 'stories']"
86,rhyancaminske,2023-03-20 17:04:46+00:00,149,6,"['spent', 'weekend', 'family', 'met', 'new']"
87,rhyancaminske,2023-04-15 20:52:27+00:00,86,10,"['dress', 'outfit', 'streetstyle', 'getting', 'ready', 'date', 'night', 'last']"
88,josefinehj,2023-05-26 13:38:44+00:00,14227,64,"['annonce', 'no_hashtag']"
89,rhyancaminske,2023-03-15 17:34:09+00:00,171,11,"['streetstyle', 'ahhh', 'another', 'nephew', 'max', 'ryan']"
90,josefinehj,2023-05-25 17:56:16+00:00,13126,87,"['summer', 'basics', 'best', 'no_hashtag']"
91,josefinehj,2023-05-25 16:44:58+00:00,5421,33,['no_hashtag']
92,stephaniebroek,2023-04-11 18:43:52+00:00,1561,72,"['spring', 'last', 'wearing', 'cargo', 'pant']"
93,everyday.holly,2023-05-21 13:53:23+00:00,1528,404,"['dress', 'outfit', 'happy', 'sunday', 'last', 'weeks', 'top', 'outfit picture', 'tiktok look', 'look outfit']"
94,rhyancaminske,2023-03-13 17:07:15+00:00,180,15,"['streetstyle', 'march', 'busy', 'birthday', 'month', 'us']"
95,rhyancaminske,2023-03-06 18:17:49+00:00,245,13,"['streetstyle', 'vacation', 'pics', 'round', 'spent', 'one']"
96,rhyancaminske,2023-03-02 01:34:57+00:00,273,27,"['streetstyle', 'take', 'back', 'snow', 'dreadful', 'always']"
97,rhyancaminske,2023-02-27 17:01:02+00:00,304,14,"['streetstyle', 'prepared', 'week', 'full', 'beach', 'pics', 'sunglasses']"
98,rhyancaminske,2023-02-16 19:01:43+00:00,191,10,"['valentine', 'week', 'daughter', 'running', 'around']"
99,rhyancaminske,2023-02-19 20:13:25+00:00,155,17,"['streetstyle', 'counting', 'seconds', 'summer', 'excited', 'starting', 'shorts']"
100,monikh,2023-06-04 09:55:28+00:00,2138,5,"['dress', 'no_hashtag']"
101,monikh,2023-06-04 18:41:01+00:00,5328,35,"['quick', 'rough', 'sewing', 'session', 'taking']"
102,monikh,2023-05-31 17:50:42+00:00,4396,57,"['bathtime', 'moans', 'followed', 'bedtime', 'fight']"
103,monikh,2023-06-01 14:16:55+00:00,6738,50,"['lucy', 'hosts', 'pear', 'no_hashtag']"
104,monikh,2023-05-31 11:51:41+00:00,7303,52,"['faves', 'one', 'no_hashtag']"
105,stephaniebroek,2023-03-27 18:43:31+00:00,1671,47,"['museums', 'mondays', 'iykyk', 'linen', 'blazer']"
106,chiaraferragni,2023-05-17 08:10:07+00:00,843218,2824,"['guys', 'ready', 'ferragnez', 'season', 'straming']"
107,chiaraferragni,2023-06-06 16:44:50+00:00,315080,1113,"['brought', 'kids', 'see', 'new', 'house']"
108,chiaraferragni,2023-02-07 23:45:59+00:00,2172992,15515,"['la', 'gabbia', 'liberare', 'le', 'nuove']"
109,chiaraferragni,2023-06-05 11:19:20+00:00,167978,755,"['little', 'twin', 'no_hashtag']"
110,chiaraferragni,2023-06-06 09:43:05+00:00,326340,574,"['count', 'times', 'wore', 'eyewear', 'collection']"
111,maryleest,2023-05-18 19:59:56+00:00,26650,121,"['cannesfilmfestival', 'dress', 'takes', 'village', 'jewelry']"
112,chiaraferragni,2023-06-05 07:32:24+00:00,145856,779,"['best', 'forte', 'dei', 'marmi', 'no_hashtag']"
113,chiaraferragni,2023-06-04 20:40:20+00:00,343186,1043,"['sunday', 'forte', 'dei', 'marmi', 'folded hands']"
114,gisele,2023-03-30 13:28:25+00:00,734590,5619,"['planting', 'trees', 'regenerating', 'springs', 'depleted']"
115,fashionmuniz,2023-06-06 16:08:02+00:00,9,0,"['tshirt', 'duas', 'cores', 'perfeitas', 'site']"
116,fashionmuniz,2023-06-06 13:37:34+00:00,11,0,"['moletom', 'joy', 'queridinho', 'momento', 'ao']"
117,chiaraferragni,2023-06-04 12:27:16+00:00,391654,1040,"['best', 'days', 'forte', 'dei', 'marmi']"
118,fashionmuniz,2023-06-05 18:03:56+00:00,14,0,"['hey', 'babe', 'nosso', 'camisão', 'brun']"
119,fashionmuniz,2023-06-05 13:09:19+00:00,23,0,"['se', 'prepara', 'look', 'completo', 'calça']"
120,fashionmuniz,2023-06-05 20:11:43+00:00,20,0,"['nossas', 'calças', 'preferidas', 'todas', 'site']"
121,fashionmuniz,2023-06-01 21:23:24+00:00,136,0,"['new', 'babe', 'moletom', 'joy', 'ao']"
122,maryleest,2023-05-16 13:23:24+00:00,26865,116,"['forbes', 'brazil', 'night', 'sparkles', 'no_hashtag']"
123,fashionmuniz,2023-06-02 13:59:29+00:00,18,0,"['esfriou', 'nossos', 'quentinhos', 'estão', 'com']"
124,maryleest,2023-05-10 19:14:02+00:00,33785,125,"['fendi', 'marc', 'jacobs', 'marcjacobsxfendi', 'camera']"
125,maryleest,2023-04-28 16:52:17+00:00,23692,126,"['first', 'glass', 'rossini', 'sign', 'summer', 'sunglasses']"
126,maryleest,2023-05-04 18:33:30+00:00,25201,178,"['gala', 'met', 'night', 'honoring', 'one']"
127,fashionmuniz,2023-06-01 12:38:26+00:00,19,0,"['quentinhos', 'pra', 'você', 'se', 'apaixonar']"
128,fashionmuniz,2023-06-01 14:08:44+00:00,16,0,"['tshirt', 'duas', 'cores', 'perfeitas', 'site']"
129,josefinehj,2023-05-25 09:34:33+00:00,12547,110,"['show', 'annonce', 'last', 'night', 'way', 'isola']"
130,maryleest,2023-04-29 18:26:46+00:00,11389,73,"['didnt', 'think', 'italian', 'summer', 'start']"
131,josefinehj,2023-05-23 14:38:24+00:00,18668,70,"['annonce', 'italian', 'espresso', 'lvcruise', 'lvcruise24']"
132,everyday.holly,2023-05-15 13:24:45+00:00,1534,627,"['dress', 'outfit', 'happy', 'monday', 'hope', 'mama', 'wonderful']"
133,everyday.holly,2023-05-07 21:54:12+00:00,929,188,"['dress', 'outfit', 'last', 'weeks', 'top', 'sellers', 'save', 'shorts', 'outfit picture']"
134,josefinehj,2023-05-24 12:19:32+00:00,4712,12,"['annonce', 'last', 'night', 'beautiful', 'no_hashtag']"
135,josefinehj,2023-05-23 14:20:11+00:00,5275,20,"['italy', 'no_hashtag']"
136,josefinehj,2023-05-23 14:57:40+00:00,21899,95,"['annonce', 'no_hashtag']"
137,maryleest,2023-05-02 19:47:53+00:00,20329,152,"['gala', 'metgala', 'ready', 'sparkle', 'premet', 'cocktail']"
138,maryleest,2023-05-18 18:02:54+00:00,22917,158,"['cannes', 'dress', 'ready', 'first', 'red', 'carpet', 'jewelry']"
139,fashionmuniz,2023-05-25 21:16:31+00:00,32,0,"['calça', 'de', 'couro', 'molly', 'está']"
140,matildadjerf,2023-06-06 18:57:00+00:00,21800,51,"['love', 'story', 'no_hashtag']"
141,fashionmuniz,2023-05-23 18:04:09+00:00,50,0,"['conjunto', 'alicia', 'está', 'de', 'volta']"
142,matildadjerf,2023-06-05 18:31:00+00:00,127390,228,"['sums', 'no_hashtag']"
143,fashionmuniz,2023-05-22 20:31:10+00:00,15,0,"['moletons', 'quentinhos', 'pra', 'você', 'se']"
144,matildadjerf,2023-06-01 17:58:05+00:00,215348,361,"['butterfly', 'ribbon', 'no_hashtag']"
145,matildadjerf,2023-06-03 18:40:05+00:00,257176,347,"['best', 'weekend', 'still', 'tomorrow', 'no_hashtag']"
146,matildadjerf,2023-05-31 18:18:48+00:00,194121,322,"['bff', 'no_hashtag']"
147,matildadjerf,2023-05-30 19:01:41+00:00,108797,121,"['favorite', 'place', 'time', 'day', 'no_hashtag']"
148,fashionmuniz,2023-05-10 17:40:34+00:00,16,0,"['tshirt', 'duas', 'cores', 'perfeitas', 'site']"
149,fashionmuniz,2023-05-10 13:55:01+00:00,32,0,"['trio', 'de', 'calças', 'novas', 'pra']"
150,matildadjerf,2023-05-29 18:47:38+00:00,166233,259,"['ribbon', 'no_hashtag']"
151,fashionmuniz,2023-05-23 13:11:14+00:00,21,0,"['trio', 'de', 'calças', 'novas', 'pra']"
152,chiaraferragni,2023-06-06 13:17:24+00:00,143533,893,"['bikini', 'season', 'finally', 'started', 'still']"
153,matildadjerf,2023-05-28 18:40:12+00:00,258038,317,"['week', 'honey pot', 'sunflower', 'no_hashtag']"
154,matildadjerf,2023-05-27 18:34:24+00:00,90261,176,"['hi', 'ribbon', 'no_hashtag']"
155,matildadjerf,2023-05-26 18:37:41+00:00,233749,274,"['dress', 'no_hashtag']"
156,matildadjerf,2023-05-23 18:46:14+00:00,173091,212,"['hi', 'no_hashtag']"
157,davidgandy_official,2022-11-24 10:05:20+00:00,35064,434,"['awards', 'style', 'proud', 'icon', 'award', 'gq', 'look']"
158,monikh,2023-05-30 19:17:21+00:00,2022,9,"['bits', 'no_hashtag']"
159,monikh,2023-05-27 07:07:58+00:00,8149,52,"['lazy', 'oversized', 'linen', 'degrees', 'no_hashtag']"
160,monikh,2023-05-29 07:25:30+00:00,1934,16,"['rumours', 'true', 'really', 'good', 'say']"
161,monikh,2023-05-30 14:54:21+00:00,9215,46,"['top', 'cargo', 'pants', 'sandals', 'bag']"
162,fashionmuniz,2023-05-26 14:03:50+00:00,25,0,"['courinho', 'voltando', 'com', 'tudo', 'por']"
163,monikh,2023-05-25 10:38:49+00:00,8080,28,"['hour', 'plus', 'beauty', 'bits', 'rotation']"
164,chiaraferragni,2023-06-04 08:29:45+00:00,321404,2097,"['last', 'night', 'no_hashtag']"
165,monikh,2023-05-23 18:56:45+00:00,1519,18,"['lovely', 'lunch', 'people', 'no_hashtag']"
166,davidgandy_official,2022-11-25 21:52:26+00:00,38828,289,"['always', 'championed', 'british', 'brands', 'delighted']"
167,chiaraferragni,2023-06-03 14:07:39+00:00,525948,1076,"['special', 'night', 'starting', 'summer', 'tour']"
168,chiaraferragni,2023-06-02 14:45:35+00:00,308225,1102,"['june', 'st', 'forte', 'dei', 'marmi']"
169,monikh,2023-05-24 07:58:52+00:00,3679,20,"['london', 'dress', 'wear', 'yesterday', 'found', 'semisheer', 'via', 'bag', 'skirt']"
170,chiaraferragni,2023-06-01 09:09:51+00:00,591890,1773,"['january', 'shooting', 'sanremo', 'looks', 'matching']"
171,chiaraferragni,2023-06-03 10:25:53+00:00,549570,981,"['first', 'night', 'forte', 'suppliedbylouisvuitton']"
172,chiaraferragni,2023-06-02 09:52:37+00:00,536808,719,"['today', 'cf', 'summer', 'tour', 'starts']"
173,chiaraferragni,2023-06-01 13:38:58+00:00,829312,2649,"['portofino', 'anniversary', 'episode', 'streaming', 'hope']"
174,chiaraferragni,2023-05-31 13:02:02+00:00,527074,1135,"['last', 'day', 'may', 'no_hashtag']"
175,chiaraferragni,2023-05-31 17:53:39+00:00,286834,1245,['no_hashtag']
176,sincerelyjules,2023-04-22 15:05:00+00:00,149507,483,"['real', 'pregnancy', 'cravings', 'kinds', 'pancakes']"
177,matildadjerf,2023-05-15 18:33:33+00:00,297685,330,"['city', 'summer', 'cocktail glass', 'no_hashtag']"
178,matildadjerf,2023-05-21 18:11:52+00:00,251628,301,"['think', 'beginning', 'no_hashtag']"
179,matildadjerf,2023-05-11 18:52:22+00:00,212867,166,"['house with garden', 'no_hashtag']"
180,matildadjerf,2023-05-16 18:38:34+00:00,176203,191,"['know', 'no_hashtag']"
181,matildadjerf,2023-05-20 18:33:24+00:00,153086,200,"['may', 'butterfly', 'no_hashtag']"
182,matildadjerf,2023-05-17 18:43:01+00:00,132721,182,"['special', 'lunch', 'no_hashtag']"
183,matildadjerf,2023-05-12 18:19:18+00:00,156183,167,"['last', 'weekend', 'cocktail glass', 'no_hashtag']"
184,matildadjerf,2023-05-09 18:32:22+00:00,180890,146,"['poolside', 'dolphin', 'no_hashtag']"
185,matildadjerf,2023-05-18 18:47:57+00:00,143575,167,"['like', 'mother', 'son', 'no_hashtag']"
186,carodaur,2023-05-15 07:01:49+00:00,30679,131,"['last', 'week', 'daurdump']"
187,carodaur,2023-05-13 10:55:42+00:00,42221,320,"['bye', 'new', 'york', 'swipe', 'ny']"
188,matildadjerf,2023-05-14 18:45:03+00:00,169137,209,"['forgot', 'fairy', 'male sign', 'sparkles', 'no_hashtag']"
189,carodaur,2023-05-18 10:45:12+00:00,18078,94,"['secret', 'garden', 'lunch', 'tour', 'guide']"
190,stephaniebroek,2023-03-06 18:32:13+00:00,2551,65,"['show', 'paris', 'back', 'dream', 'aaaaah', 'look']"
191,stephaniebroek,2023-02-14 16:25:23+00:00,3260,96,"['paris', 'else', 'loves', 'hearing', 'met', 'stories']"
192,stephaniebroek,2023-02-22 19:26:09+00:00,3187,65,"['recently', 'facialist', 'complimented', 'skin', 'treatment']"
193,stephaniebroek,2023-02-16 16:39:37+00:00,2103,73,"['celebrated', 'birthday', 'th', 'new', 'season', 'pants']"
194,stephaniebroek,2023-03-03 20:58:46+00:00,2031,55,"['paris', 'lucky', 'girl', 'syndrome', 'edition']"
195,camilacoelho,2023-04-29 17:15:28+00:00,164197,763,"['flourishing', 'ad', 'tulip', 'no_hashtag']"
196,stephaniebroek,2023-02-19 18:57:43+00:00,1628,44,"['perfect', 'black', 'trouser', 'side', 'slay']"
197,stephaniebroek,2023-03-02 15:03:55+00:00,924,36,"['one', 'word', 'review', 'ethereal', 'black']"
198,stephaniebroek,2023-01-18 20:03:51+00:00,2687,49,['no_hashtag']
199,stephaniebroek,2023-01-25 19:11:37+00:00,1466,68,"['beltskirts', 'pants', 'type', 'week', 'no_hashtag']"
200,stephaniebroek,2023-02-05 19:32:39+00:00,1695,70,"['full', 'ann', 'demeulemeester', 'row', 'day', 'skirt']"
201,stephaniebroek,2023-01-09 16:15:43+00:00,1429,45,"['bag', 'coffee', 'table', 'slay', 'no_hashtag']"
202,stephaniebroek,2023-02-06 18:55:07+00:00,1133,38,"['week', 'copenhagen', 'camera', 'roll', 'looks']"
203,camilacoelho,2023-04-22 19:30:23+00:00,107220,374,"['miami', 'nights', 'ootn']"
204,camilacoelho,2023-04-23 21:29:38+00:00,133411,527,"['kai', 'mom', 'dropping', 'arm', 'workout']"
205,matildadjerf,2023-05-10 16:56:37+00:00,185861,270,"['hiiiii', 'soft ice cream', 'butterfly', 'fairy', 'male sign']"
206,camilacoelho,2023-04-18 20:18:58+00:00,162482,565,"['festival', 'fun', 'time', 'revolvefestival', 'weekend', 'next']"
207,matildadjerf,2023-05-05 18:33:56+00:00,147298,142,"['small', 'little', 'pockets', 'day', 'butterfly']"
208,matildadjerf,2023-05-06 17:58:43+00:00,245634,348,"['fairy', 'male sign', 'no_hashtag']"
209,matildadjerf,2023-05-08 18:26:04+00:00,186887,170,"['living', 'no_hashtag']"
210,matildadjerf,2023-05-02 18:43:53+00:00,155715,210,"['highlights', 'last', 'two', 'weeks', 'no_hashtag']"
211,matildadjerf,2023-05-03 19:01:05+00:00,113716,126,"['soooooooon', 'no_hashtag']"
212,josefinehj,2023-05-20 11:23:27+00:00,16645,76,"['spring', 'copenhagen', 'no_hashtag']"
213,matildadjerf,2023-05-07 18:59:00+00:00,220198,228,"['wine glass', 'no_hashtag']"
214,matildadjerf,2023-05-01 18:42:30+00:00,153650,197,"['long', 'weekend', 'home', 'rainbow', 'no_hashtag']"
215,fashionmuniz,2023-05-24 21:47:26+00:00,15,0,"['de', 'volta', 'calça', 'couro', 'jandira']"
216,josefinehj,2023-05-20 14:02:46+00:00,9945,48,"['annonce', 'no_hashtag']"
217,matildadjerf,2023-04-30 18:47:07+00:00,170642,284,"['wing', 'no_hashtag']"
218,josefinehj,2023-05-17 10:04:08+00:00,5466,19,"['elevator', 'check', 'no_hashtag']"
219,matildadjerf,2023-04-28 18:40:14+00:00,177435,223,"['forgot', 'butterfly', 'no_hashtag']"
220,matildadjerf,2023-04-27 18:51:46+00:00,102316,139,"['rainy', 'day', 'april', 'no_hashtag']"
221,chiaraferragni,2023-05-30 10:44:40+00:00,540617,1027,"['prada', 'colorful', 'bag', 'total', 'look', 'today']"
222,matildadjerf,2023-04-26 18:23:36+00:00,121543,182,"['office', 'lately', 'ribbon', 'no_hashtag']"
223,chiaraferragni,2023-05-29 11:39:32+00:00,336161,1411,"['best', 'past', 'days', 'no_hashtag']"
224,chiaraferragni,2023-05-28 16:31:03+00:00,375086,1107,"['good', 'sunday', 'no_hashtag']"
225,chiaraferragni,2023-05-27 15:26:39+00:00,326527,1161,"['saturday', 'lake', 'favorite', 'folded hands', 'no_hashtag']"
226,chiaraferragni,2023-05-26 19:52:24+00:00,249830,935,"['may', 'th', 'no_hashtag']"
227,chiaraferragni,2023-05-26 09:29:35+00:00,269901,1133,"['last', 'night', 'suppliedbylouisvuitton']"
228,lojafashioncloset,2023-05-26 15:40:53+00:00,80,1,"['nike', 'gamma', 'force', 'ta', 'ar']"
229,lojafashioncloset,2023-05-22 00:59:47+00:00,325,4,"['fashion', 'hello', 'girls…', 'pq', 'essa']"
230,chiaraferragni,2023-05-26 14:10:13+00:00,442878,553,"['fashion', 'ieri', 'qualità', 'di', 'copresidente', 'membro', 'fashion trust']"
231,lojafashioncloset,2023-05-18 21:49:07+00:00,571,19,"['photo', 'dump', 'de', 'ontem', 'um']"
232,eleonorabrunaccidivaio,2023-04-16 19:44:05+00:00,63975,241,"['mamma', 'daddy', 'vi', 'faccio', 'una']"
233,eleonorabrunaccidivaio,2023-04-14 17:49:40+00:00,45335,189,"['vorrei', 'bloccare', 'il', 'tempo', 'potervi']"
234,eleonorabrunaccidivaio,2023-04-13 06:54:04+00:00,88711,339,"['colazione', 'piscina', 'goodmorning', 'maldives', 'amazing']"
235,eleonorabrunaccidivaio,2023-04-15 18:15:43+00:00,43816,165,"['continuando', 'scrivere', 'pagine', 'della', 'nostra']"
236,eleonorabrunaccidivaio,2023-04-11 17:56:14+00:00,96690,328,"['moments', 'like', 'familytime', 'preciuosmoments']"
237,davidgandy_official,2022-06-06 14:32:31+00:00,12272,115,"['honoured', 'taken', 'part', 'platinumjubilee', 'pageant']"
238,tinaabeysekara,2022-11-23 08:16:49+00:00,1115,58,"['dress', 'want', 'cool', 'course', 'daily', 'promos', 'shirt']"
239,lojafashioncloset,2023-05-08 02:02:47+00:00,1841,7,"['adidas', 'que', 'calça', 'jeans', 'fernando', 'com']"
240,chiaraferragni,2023-05-25 14:50:17+00:00,549404,1779,"['prince', 'no_hashtag']"
241,chiaraferragni,2023-05-25 13:01:44+00:00,340661,1649,"['show', 'went', 'cruise', 'isola', 'bella', 'collection']"
242,chiaraferragni,2023-05-24 09:31:12+00:00,536680,1973,"['officially', 'ready', 'summer', 'no_hashtag']"
243,chiaraferragni,2023-05-22 16:28:31+00:00,345163,637,"['first', 'pic', 'makes', 'happy', 'like']"
244,matildadjerf,2023-04-23 18:11:40+00:00,375308,451,"['two', 'besties', 'no_hashtag']"
245,chiaraferragni,2023-05-23 11:59:18+00:00,591572,1078,"['official', 'pictures', 'campaign', 'love', 'much']"
246,matildadjerf,2023-04-24 18:38:00+00:00,204225,345,['no_hashtag']
247,davidgandy_official,2022-06-27 16:54:07+00:00,30174,361,"['style', 'proud', 'new', 'pool', 'side', 'summer', 'collection']"
248,matildadjerf,2023-04-22 18:18:06+00:00,122725,153,['no_hashtag']
249,matildadjerf,2023-04-21 18:55:08+00:00,122226,157,"['look', 'like', 'ad', 'voyeureyeshadow', 'ribbon']"
250,rhyancaminske,2023-02-09 20:13:04+00:00,124,6,"['ok', 'team', 'changing', 'mentioned', 'stories']"
251,chiaraferragni,2023-05-21 16:35:07+00:00,605760,669,"['best', 'forte', 'dei', 'marmi', 'part']"
252,rhyancaminske,2023-02-15 03:00:25+00:00,133,3,"['𝕃𝕠𝕧𝕖', '𝕪𝕠𝕦', 'no_hashtag']"
253,chiaraferragni,2023-05-21 13:56:01+00:00,204707,575,"['best', 'forte', 'dei', 'marmi', 'no_hashtag']"
254,rhyancaminske,2023-02-06 18:40:24+00:00,100,7,"['streetstyle', 'got', 'ta', 'catch', 'em', 'kids']"
255,rhyancaminske,2023-01-30 18:55:14+00:00,91,8,"['streetstyle', 'ᴍᴏɴᴅᴀʏ', 'code', 'rhyan', 'band', 'tee']"
256,chiaraferragni,2023-05-21 09:15:34+00:00,475155,1355,"['la', 'nostra', 'milano', 'no_hashtag']"
257,rhyancaminske,2023-01-26 17:43:45+00:00,118,14,"['valentine', 'day', 'coming', 'curious', 'know', 'jewelry']"
258,matildadjerf,2023-04-20 18:58:12+00:00,98700,118,"['weakness', 'no_hashtag']"
259,rhyancaminske,2023-01-24 19:02:05+00:00,128,16,"['streetstyle', 'told', 'needed', 'one', 'minute', 'take']"
260,davidgandy_official,2022-04-02 15:31:58+00:00,28715,192,"['couldnt', 'prouder', 'incredible', 'team', 'talent']"
261,matildadjerf,2023-04-17 18:45:01+00:00,157704,457,"['first', 'ever', 'contributing', 'guest', 'editor']"
262,chiaraferragni,2023-05-20 15:49:01+00:00,404896,2561,"['la', 'mia', 'pizza', 'si', 'rigenera']"
263,matildadjerf,2023-04-18 18:51:45+00:00,129897,224,"['always', 'mid', 'conversation', 'handshake', 'no_hashtag']"
264,matildadjerf,2023-04-16 18:24:25+00:00,181546,243,"['weekend', 'ribbon', 'two hearts', 'sparkles', 'no_hashtag']"
265,matildadjerf,2023-04-12 18:17:36+00:00,139328,213,"['people hugging', 'no_hashtag']"
266,everyday.holly,2023-04-30 13:37:50+00:00,783,266,"['dress', 'outfit', 'last', 'weeks', 'top', 'sellers', 'sale', 'shorts', 'tiktok look']"
267,matildadjerf,2023-04-11 18:59:37+00:00,169254,135,['no_hashtag']
268,matildadjerf,2023-04-19 17:48:52+00:00,183318,224,"['week', 'butterfly', 'no_hashtag']"
269,monikh,2023-05-23 18:25:23+00:00,4469,27,"['smiles', 'behind', 'camera', 'camera with flash', 'no_hashtag']"
270,matildadjerf,2023-04-08 18:19:26+00:00,326587,920,"['crown', 'birthday cake', 'two hearts', 'sparkles', 'no_hashtag']"
271,matildadjerf,2023-04-09 18:18:10+00:00,271322,269,"['rufus', 'celebrating', 'years', 'together', 'two hearts']"
272,monikh,2023-05-22 18:45:42+00:00,4651,36,"['style', 'waiting', 'via', 'skirt', 'exact']"
273,stephaniebroek,2022-12-28 19:23:06+00:00,1072,24,"['yesterday', 'could', 'hospital', 'step', 'skincare']"
274,monikh,2023-05-20 18:38:32+00:00,5791,15,"['like', 'walking', 'ray', 'links', 'stories']"
275,stephaniebroek,2022-12-28 14:16:44+00:00,1343,29,"['first', 'christmas', 'future', 'nepo', 'baby']"
276,monikh,2023-05-22 09:48:05+00:00,10868,50,"['high', 'walls', 'simonmillerxmango', 'collection', 'links']"
277,matildadjerf,2023-04-07 18:57:24+00:00,160851,190,"['morning', 'ru', 'no_hashtag']"
278,monikh,2023-05-19 13:35:39+00:00,3176,11,"['long', 'layers', 'pinched fingers', 'no_hashtag']"
279,stephaniebroek,2022-12-29 19:41:12+00:00,2324,58,"['wear', 'looks', 'body', 'drastically', 'changing', 'able', 'look']"
280,matildadjerf,2023-04-02 18:28:51+00:00,279149,335,"['two hearts', 'no_hashtag']"
281,monikh,2023-05-19 08:19:14+00:00,2962,22,"['simple', 'silhouettes', 'jersey', 'linen', 'uniform']"
282,monikh,2023-05-18 08:14:24+00:00,14430,140,"['dress', 'trousers', 'full', 'look', 'simonmillerxmango']"
283,matildadjerf,2023-04-15 18:03:10+00:00,177363,226,"['last', 'week', 'crown', 'no_hashtag']"
284,matildadjerf,2023-04-04 18:49:53+00:00,182871,260,"['photo', 'diary', 'no_hashtag']"
285,matildadjerf,2023-04-01 18:50:25+00:00,239973,298,['no_hashtag']
286,stephaniebroek,2022-12-21 18:59:46+00:00,1261,33,"['submerging', 'polkadots', 'test', 'yayoi', 'kusama']"
287,stephaniebroek,2022-12-13 19:10:56+00:00,5500,184,"['low', 'point', 'life', 'start', 'fertility']"
288,matildadjerf,2023-03-30 18:12:09+00:00,171051,195,"['sun', 'no_hashtag']"
289,stephaniebroek,2022-12-08 12:30:05+00:00,594,18,"['show', 'chanel', 'paris', 'day', 'special', 'one', 'house', 'watch', 'collection']"
290,lojafashioncloset,2023-04-25 12:52:44+00:00,142,5,['no_hashtag']
291,matildadjerf,2023-03-31 18:35:39+00:00,211907,305,"['early', 'summer', 'no_hashtag']"
292,stephaniebroek,2022-12-06 19:55:16+00:00,2266,33,"['dress', 'forget', 'naked', 'tis', 'season']"
293,lojafashioncloset,2023-04-22 01:06:28+00:00,1169,9,"['corset', 'perfeito', 'existe', 'podemos', 'provar']"
294,matildadjerf,2023-03-28 18:27:08+00:00,155667,300,"['sun', 'no_hashtag']"
295,matildadjerf,2023-04-10 18:36:26+00:00,188855,174,"['one', 'favorite', 'days', 'year', 'people hugging']"
296,stephaniebroek,2022-12-08 19:34:44+00:00,2388,74,"['chanel', 'yes', 'olive', 'undoubtedly', 'mini', 'younes', 'look']"
297,stephaniebroek,2022-12-09 16:46:26+00:00,2840,87,"['wore', 'one', 'fw', 'balloon', 'pumps']"
298,davidgandy_official,2022-03-18 16:34:13+00:00,34028,345,"['thank', 'featuring', 'course', 'cover', 'story']"
299,camilacoelho,2023-04-16 19:22:01+00:00,144890,549,"['festival', 'denim', 'revolvefestival', 'day', 'ootd']"
300,stephaniebroek,2022-11-30 20:13:00+00:00,2093,51,"['last', 'weekend', 'antwerp', 'book', 'shopping']"
301,camilacoelho,2023-04-14 19:14:00+00:00,133661,606,"['festival', 'hello', 'desert', 'excited', 'back', 'skirt']"
302,camilacoelho,2023-04-17 01:34:34+00:00,293319,962,"['festival', 'day', 'rosalia', 'blackpink', 'one', 'night']"
303,davidgandy_official,2022-03-15 16:27:47+00:00,65213,900,"['excited', 'share', 'new', 'dgeyewear', 'ss']"
304,stephaniebroek,2022-11-23 20:06:05+00:00,2099,46,"['last', 'week', 'looks', 'no_hashtag']"
305,stephaniebroek,2022-11-27 20:21:39+00:00,1414,27,"['chanel', 'hours', 'beauty', 'looks', 'including', 'treasured', 'vintage']"
306,camilacoelho,2023-04-15 16:59:31+00:00,626797,2616,"['festival', 'coachella', 'day', 'roundup', 'missed', 'energy']"
307,stephaniebroek,2022-11-08 19:42:58+00:00,1535,117,"['show', 'olive', 'mom', 'look', 'fallwinter']"
308,monikh,2023-05-21 15:23:29+00:00,2133,5,"['sunday', 'no_hashtag']"
309,camilacoelho,2023-04-13 23:02:26+00:00,131412,500,"['festival', 'poolside', 'heading', 'desert', 'manhã', 'relax']"
310,stephaniebroek,2022-11-06 20:46:32+00:00,2264,47,"['maternity', 'leave', 'strolling', 'city', 'visiting', 'vintage', 'collection']"
311,stephaniebroek,2022-11-27 19:55:48+00:00,1339,28,"['chanel', 'asked', 'better', 'first', 'postpartum', 'trip']"
312,stephaniebroek,2022-10-30 16:49:04+00:00,2510,37,"['conversations', 'friends', 'no_hashtag']"
313,camilacoelho,2023-04-09 17:15:42+00:00,111731,351,"['happy', 'easter', 'favorite', 'bunny', 'feliz']"
314,rhyancaminske,2023-01-17 18:33:34+00:00,168,18,"['outfit', 'streetstyle', 'getting', 'colder', 'realized', 'ton', 'giant']"
315,rhyancaminske,2023-01-19 18:37:40+00:00,109,23,"['streetstyle', 'boutique', 'get', 'alllll', 'cute', 'band']"
316,rhyancaminske,2023-01-11 15:21:44+00:00,60,8,"['hi', 'good', 'friend', 'jonathan', 'kuracina', 'watch']"
317,rhyancaminske,2023-01-07 16:09:28+00:00,153,9,"['wear', 'streetstyle', 'finally', 'tried', 'good', 'american', 'jeans…', 'jeans']"
318,davidgandy_official,2022-03-16 17:09:41+00:00,37547,333,"['couple', 'new', 'dgeyewear', 'ss', 'campaign']"
319,matildadjerf,2023-03-26 18:53:07+00:00,171734,271,"['tuesday', 'sparkles', 'no_hashtag']"
320,matildadjerf,2023-03-25 19:38:46+00:00,301264,367,"['bday', 'drop', 'coming', 'birthday cake', 'ribbon']"
321,rhyancaminske,2023-01-05 18:41:59+00:00,167,10,"['streetstyle', 'th', 'laser', 'tattoo', 'removal', 'appointment', 'sunglasses']"
322,davidgandy_official,2022-02-12 16:28:39+00:00,23991,199,"['moisture', 'wicking', 'fabrics', 'well', 'wellwear']"
323,chiaraferragni,2023-05-23 18:59:29+00:00,557936,709,"['mum', 'life', 'no_hashtag']"
324,matildadjerf,2023-03-23 20:06:29+00:00,168094,198,"['june', 'forever', 'one', 'favorite', 'days']"
325,rhyancaminske,2023-01-01 21:19:40+00:00,251,21,"['streetstyle', 'new', 'year', 'goals', 'health', 'happiness']"
326,matildadjerf,2023-03-21 19:00:26+00:00,131995,234,"['casual', 'monday', 'handshake', 'no_hashtag']"
327,matildadjerf,2023-03-19 19:41:27+00:00,161164,234,"['week', 'people hugging', 'no_hashtag']"
328,matildadjerf,2023-03-17 19:17:58+00:00,151705,216,"['reedition', 'pradamoon', 'bag', 'ad']"
329,matildadjerf,2023-03-22 19:30:05+00:00,159580,219,"['many', 'personalities', 'no_hashtag']"
330,matildadjerf,2023-03-15 20:03:02+00:00,112616,181,"['glossyyyy', 'hourglasspartner', 'two hearts']"
331,matildadjerf,2023-03-20 19:43:25+00:00,111842,209,['no_hashtag']
332,stephaniebroek,2022-10-24 19:44:25+00:00,945,25,"['olive', 'first', 'hermès', 'bath', 'time']"
333,lojafashioncloset,2023-04-08 16:13:40+00:00,1304,11,"['calça', 'perfeita', 'existe', 'sim', 'podemos']"
334,stephaniebroek,2022-10-27 18:49:18+00:00,1364,24,"['back', 'vs', 'front', 'no_hashtag']"
335,lojafashioncloset,2023-04-10 13:52:55+00:00,256,2,"['um', 'pedacinho', 'nosso', 'esquema', 'no_hashtag']"
336,stephaniebroek,2022-10-04 19:00:32+00:00,1644,90,"['liquid', 'lipstick', 'vinyl', 'ad', 'no_hashtag']"
337,stephaniebroek,2022-10-02 18:04:28+00:00,2058,89,"['paris', 'season', 'home', 'celebrating', 'three']"
338,stephaniebroek,2022-10-15 18:36:38+00:00,7593,354,"['one', 'month', 'olive', 'today', 'hits']"
339,stephaniebroek,2022-09-27 19:17:03+00:00,1679,90,"['pov', 'two', 'weeks', 'old', 'made']"
340,stephaniebroek,2022-09-17 19:17:25+00:00,10714,811,"['welcome', 'world', 'olive', 'lowe', 'born']"
341,stephaniebroek,2022-09-29 18:44:21+00:00,3331,98,"['moment', 'first', 'stroll', 'outside', 'party']"
342,matildadjerf,2023-03-16 19:19:23+00:00,142624,222,"['thursday', 'no_hashtag']"
343,everyday.holly,2023-04-23 13:14:55+00:00,923,292,"['dress', 'outfit', 'last', 'weeks', 'top', 'sellers', 'save', 'shorts', 'tiktok look']"
344,stephaniebroek,2022-10-31 19:50:48+00:00,1373,59,"['outfit', 'right', 'pair', 'sunglasses', 'elevate']"
345,davidgandy_official,2022-06-12 13:26:00+00:00,67099,736,"['delighted', 'announce', 'launching', 'swimwear', 'summer', 'look', 'collection']"
346,davidgandy_official,2021-12-10 18:30:56+00:00,27969,299,"['thank', 'featuring', 'recently', 'shot', 'editorial']"
347,everyday.holly,2023-04-16 11:34:19+00:00,2131,720,"['dress', 'outfit', 'last', 'weeks', 'top', 'sellers', 'comment', 'tiktok look']"
348,davidgandy_official,2021-12-21 16:33:11+00:00,42531,450,"['thank', 'wonderful', 'editorial', 'decembers', 'issue']"
349,rhyancaminske,2022-12-25 22:16:36+00:00,133,3,"['random', 'last', 'minute', 'gift', 'becomes']"
350,rhyancaminske,2022-12-31 03:39:39+00:00,177,17,"['streetstyle', 'finally', 'sick', 'feeling', 'happy', 'actually', 'jeans']"
351,camilacoelho,2023-03-22 21:38:45+00:00,135781,802,"['bubble', 'gum', 'ootd', 'candy']"
352,rhyancaminske,2022-12-13 00:44:39+00:00,204,16,"['happy', 'birthday', 'dad', 'aka', 'grandpa']"
353,rhyancaminske,2022-11-22 20:44:38+00:00,124,12,"['streetstyle', 'ahhh', 'cutest', 'tops', 'everrr', 'sale']"
354,camilacoelho,2023-03-14 21:49:27+00:00,137771,825,"['denim', 'fever', 'ad', 'ootd', 'lookdodia']"
355,camilacoelho,2023-03-10 16:53:10+00:00,164899,722,"['home', 'jet', 'lagged', 'heading', 'great', 'look']"
356,zara,2023-05-16 08:00:05+00:00,11390,87,"['zara', 'atelier', 'collection', 'skirt', 'team', 'atelier collection', 'collection skirt']"
357,zara,2023-05-15 14:00:09+00:00,12095,116,"['zara', 'atelier', 'collection', 'skirt', 'limited', 'atelier collection', 'collection skirt']"
358,zara,2023-05-15 08:06:56+00:00,17128,99,"['zara', 'atelier', 'collection', 'skirt', 'limited', 'atelier collection', 'collection skirt']"
359,zara,2023-05-15 12:00:08+00:00,14972,118,"['zara', 'atelier', 'collection', 'skirt', 'one', 'atelier collection', 'collection skirt']"
360,monikh,2023-05-17 07:27:29+00:00,3989,46,"['hello', 'mangosummerclub', 'mangogirls']"
361,monikh,2023-05-17 11:02:55+00:00,7926,41,"['mangosummerclub', 'day', 'mangogirls']"
362,camilacoelho,2023-03-12 17:42:55+00:00,189846,999,"['paris', 'kai', 'album', 'merci', 'making']"
363,monikh,2023-05-14 12:48:23+00:00,1907,13,"['lucky', 'two', 'beans', 'no_hashtag']"
364,zara,2023-05-16 14:00:05+00:00,10132,86,"['zara', 'atelier', 'collection', 'skirt', 'one', 'atelier collection', 'collection skirt']"
365,monikh,2023-05-14 13:22:00+00:00,4305,20,"['officially', 'obsessed', 'betina', 'nude', 'works']"
366,matildadjerf,2023-04-03 18:19:04+00:00,267365,361,['no_hashtag']
367,monikh,2023-05-15 19:27:30+00:00,3783,63,"['collection', 'stocked', 'huge', 'moment', 'career']"
368,monikh,2023-05-14 12:13:15+00:00,5435,36,"['wear', 'dress', 'sisters', 'making', 'go', 'boozy', 'brunch']"
369,monikh,2023-05-17 14:57:51+00:00,2506,16,"['lunch', 'simonmillerxmango', 'mangosummerclub', 'custard']"
370,zara,2023-05-15 10:00:06+00:00,12005,88,"['zara', 'atelier', 'collection', 'skirt', 'team', 'atelier collection', 'collection skirt']"
371,chiaraferragni,2023-05-18 08:55:58+00:00,1129550,2764,"['premiere', 'show', 'milan', 'ieri', 'sera', 'milano', 'stata', 'la']"
372,chiaraferragni,2023-05-19 12:00:47+00:00,597770,783,"['friday', 'mycalvins', 'underwear', 'cargo', 'pants', 'jacket']"
373,chiaraferragni,2023-05-19 17:32:22+00:00,363316,1298,"['premiere', 'still', 'thanks', 'guys', 'loving']"
374,chiaraferragni,2023-05-18 13:35:26+00:00,452771,2843,"['premiere', 'still', 'feeling', 'excited', 'last', 'nights', 'look']"
375,chiaraferragni,2023-05-19 13:59:39+00:00,872379,3908,"['leo', 'school', 'photos', 'make', 'no_hashtag']"
376,chiaraferragni,2023-05-16 12:48:36+00:00,257872,2313,"['look', 'no_hashtag']"
377,monikh,2023-05-16 07:07:25+00:00,4625,38,"['keeping', 'early', 'mornings', 'slow', 'calm']"
378,lojafashioncloset,2023-03-24 15:58:08+00:00,2144,15,"['desejo', 'combine', 'calça', 'jeans', 'goi']"
379,lojafashioncloset,2023-03-24 01:02:15+00:00,431,8,"['dress', 'black', 'lovers', 'no_hashtag']"
380,lojafashioncloset,2023-03-22 18:12:11+00:00,412,14,"['um', 'dia', 'shooting', 'por', 'aqui']"
381,chiaraferragni,2023-05-14 08:47:22+00:00,281854,1022,"['happy', 'mother', 'day', 'mum', 'best']"
382,chiaraferragni,2023-05-15 15:00:36+00:00,551132,951,"['premiere', 'milan', 'guys', 'ready', 'days']"
383,chiaraferragni,2023-05-13 12:11:12+00:00,300214,1388,"['back', 'paradise', 'supplied']"
384,chiaraferragni,2023-05-12 13:32:12+00:00,649366,1761,"['feeling', 'super', 'fancy', 'today', 'wearing', 'sunglasses', 'look']"
385,everyday.holly,2023-04-09 01:05:49+00:00,982,263,"['dress', 'outfit', 'last', 'weeks', 'top', 'sellers', 'target', 'shorts', 'tiktok look']"
386,chiaraferragni,2023-05-11 14:13:48+00:00,561506,1198,"['colorful', 'look', 'today', 'bright', 'blue', 'collection']"
387,chiaraferragni,2023-05-11 10:32:49+00:00,511298,592,"['may', 'th', 'no_hashtag']"
388,chiaraferragni,2023-05-11 17:51:02+00:00,564079,1742,['no_hashtag']
389,chiaraferragni,2023-05-14 12:35:27+00:00,242482,875,"['family', 'weekend', 'lake', 'no_hashtag']"
390,chiaraferragni,2023-05-16 09:27:34+00:00,502956,514,"['cant', 'go', 'without', 'bossy', 'eye', 'sunglasses']"
391,parisfashionweek,2023-02-28 21:15:32+00:00,19319,69,"['parisfashionweek', 'pfw', 'paris', 'fashion', 'streetstyles', 'backstages', 'looks', 'spotted', 'second', 'paris fashion', 'fashion week']"
392,parisfashionweek,2023-05-20 16:28:44+00:00,4949,23,"['parisfashionweek', 'pfw', 'paris', 'streetstyle', 'fashion', 'photographer', 'highlights', 'looks', 'revealed', 'paris fashion', 'fashion week']"
393,urbanoutfitters,2023-06-09 01:44:56+00:00,1180,4,"['bff', 'glow', 'get', 'new', 'uohome']"
394,prada,2023-06-06 19:00:39+00:00,11531,58,"['prada', 'created', 'individual', 'pieces', 'handfinished', 'edges']"
395,urbanoutfitters,2023-06-08 20:15:43+00:00,2304,19,"['another', 'day', 'maxi', 'skirt', 'uocommunity']"
396,urbanoutfitters,2023-06-08 15:31:38+00:00,10713,18,"['old', 'new', 'picked', 'bath', 'mats']"
397,milanfashionweek,2023-06-08 10:08:18+00:00,656,10,"['ceremony', 'milan', 'fashion', 'warmest', 'congratulations', 'official', 'winning', 'lvmh', 'fashion trust', 'collection']"
398,milanfashionweek,2023-06-08 09:38:34+00:00,827,11,"['ceremony', 'mfw', 'show', 'milan', 'fashion', 'extend', 'congratulations', 'cnmi', 'member', 'magliano', 'fallwinter collection', 'fashion week', 'collection']"
399,urbanoutfitters,2023-06-07 14:00:59+00:00,2052,17,"['wear', 'official', 'hot', 'anything', 'look']"
400,urbanoutfitters,2023-06-06 18:02:38+00:00,1399,9,"['two', 'weeks', 'officially', 'summer', 'meantime']"
401,taylorswift,2023-05-06 03:58:55+00:00,10442955,0,"['fills', 'pride', 'joy', 'announce', 'version']"
402,urbanoutfitters,2023-06-05 15:41:17+00:00,2078,8,"['right', 'perfect', 'time', 'plan', 'great']"
403,spfw,2023-06-08 14:18:47+00:00,1750,70,"['vamos', 'conhecer', 'melhor', 'nosso', 'recordista']"
404,taylorswift,2023-05-29 22:40:55+00:00,5249532,0,"['yeahhhh', 'last', 'three', 'nights', 'dreamscape']"
405,zendaya,2023-05-04 18:58:27+00:00,7695019,9903,"['post', 'appreciation', 'past', 'couple', 'weeks']"
406,taylorswift,2023-05-27 17:17:17+00:00,5444259,0,"['premiere', 'last', 'night', 'jersey', 'way', 'whole']"
407,taylorswift,2023-05-27 04:07:16+00:00,5692622,0,"['karma', 'girl', 'like', 'two hearts', 'no_hashtag']"
408,zendaya,2023-04-03 19:32:56+00:00,8662294,22296,"['wear', 'extraordinary', 'night', 'celebrating', 'india', 'thank']"
409,spfw,2023-06-02 13:02:35+00:00,1470,18,"['esse', 'camarim', 'tava', 'divertido', 'uma']"
410,whowhatwear,2023-06-09 02:20:26+00:00,3427,28,"['face', 'card', 'truly', 'never', 'declined']"
411,whowhatwear,2023-06-08 23:55:39+00:00,1098,12,"['premiere', 'liza', 'koshy', 'entered', 'new', 'era', 'look']"
412,zendaya,2023-03-07 01:46:09+00:00,7231417,22119,"['paris…', 'look', 'came', 'no_hashtag']"
413,taylorswift,2023-05-24 16:58:56+00:00,6862603,0,"['um', 'much', 'tell', 'massive', 'fan', 'watch']"
414,taylorswift,2023-05-16 15:31:23+00:00,6376238,0,"['philly', 'dream', 'honestly', 'playing', 'three']"
415,taylorswift,2023-05-21 21:13:17+00:00,7329144,0,"['show', 'last', 'night', 'danced', 'together', 'rain']"
416,spfw,2023-05-31 23:06:39+00:00,3731,93,"['fashion', 'todas', 'edições', 'spfw', 'revela', 'ranking']"
417,whowhatwear,2023-06-07 19:28:40+00:00,3424,37,"['worth', 'noting', 'thelittlemermaid', 'marks', 'first', 'shirt']"
418,taylorswift,2023-05-09 14:43:20+00:00,5542877,0,"['show', 'well', 'first', 'rain', 'eras']"
419,soudealgodao,2023-06-01 13:58:59+00:00,7486,84,"['foi', 'aqui', 'que', 'pediram', 'uma']"
420,spfw,2023-05-31 22:49:22+00:00,1760,86,"['fashion', 'todas', 'edições', 'spfw', 'revela', 'ranking']"
421,whowhatwear,2023-06-06 01:22:14+00:00,2422,21,"['outfit', 'summer', 'jewelry', 'unparalleled', 'season', 'trends', 'look']"
422,wheresmydriver,2023-06-04 21:01:03+00:00,34,0,"['gala', 'making', 'leap', 'shooting', 'red', 'carpet']"
423,wheresmydriver,2023-05-23 05:01:20+00:00,73,1,"['cannes', 'cannesfilmfestival', 'streetstyle', 'yes', 'looks', 'like', 'movie', 'real']"
424,taylorswift,2023-05-08 00:53:25+00:00,5963203,0,"['show', 'even', 'though', 'one', 'last']"
425,versace,2023-06-06 12:00:18+00:00,23012,310,"['versace', 'foundation', 'together', 'donatella', 'allegra']"
426,wheresmydriver,2023-05-06 04:01:53+00:00,16,0,"['chanel', 'opened', 'new', 'sq', 'ft']"
427,versace,2023-05-31 15:03:55+00:00,23067,149,"['versace', 'style', 'greca', 'goddess', 'mini', 'bag', 'versacelavacanza']"
428,versace,2023-05-29 16:21:43+00:00,42815,193,"['cannes', 'versace', 'vacanza', 'south', 'france', 'collection available', 'collection']"
429,versace,2023-05-26 18:00:18+00:00,125245,294,"['versace', 'la', 'vacanza', 'donatella', 'dua', 'collection available', 'collection']"
430,romilux,2022-03-11 19:45:55+00:00,1702,57,"['show', 'hours', 'rain', 'later', 'leaving']"
431,versace,2023-05-26 08:00:45+00:00,157124,352,"['versace', 'la', 'vacanza', 'donatella', 'dua', 'collection available', 'collection']"
432,nyfw,2023-06-07 19:08:01+00:00,1007,10,"['get', 'coins', 'ready', 'telfar', 'announced']"
433,nyfw,2023-06-01 16:19:44+00:00,6563,259,"['happy', 'pridemonth', 'stand', 'members', 'lgbtqia']"
434,nyfw,2023-05-30 15:55:19+00:00,860,50,"['fashion', 'picnic', 'season', 'genderless', 'collection', 'vibrant']"
435,versace,2023-05-27 12:00:14+00:00,38466,195,"['cannes', 'versace', 'vacanza', 'south', 'france', 'collection available', 'collection']"
436,nyfw,2023-05-31 16:35:35+00:00,945,16,"['friends', 'meeting', 'gossip', 'luar', 'fw']"
437,nyfw,2023-06-02 16:32:17+00:00,411,3,"['aesthetic', 'clean', 'girl', 'win', 'brandonmaxwel']"
438,nyfw,2023-05-23 16:00:58+00:00,1260,15,"['femininity', 'undone', 'toryburch', 'aw', 'burch', 'collection']"
439,nyfw,2023-05-26 16:01:34+00:00,567,18,"['streetstyle', 'outside', 'collinastrada', 'naturally', 'streetsofnyfw']"
440,prabalgurung,2023-06-04 15:00:52+00:00,4457,24,"['honored', 'worked', 'stunning', 'collaboration', 'amazing', 'look']"
441,nyfw,2023-05-27 16:01:11+00:00,514,11,"['giving', 'blast', 'past', 'aknvas', 'imperialera', 'clothing', 'collection']"
442,nyfw,2023-05-24 16:35:20+00:00,462,9,"['pleats', 'power', 'move', 'bibhumohapatras', 'fw', 'collection']"
443,facehunter,2023-05-25 12:15:15+00:00,331,4,"['style', 'autumn', 'riodejaneiro', 'juliette', 'florence', 'model', 'look']"
444,facehunter,2023-05-20 13:48:30+00:00,455,23,"['streetstyle', 'style', 'riodejaneiro', 'meet', 'badass', 'artist', 'actress', 'style styleinspiration', 'streetstyle style']"
445,facehunter,2023-06-07 14:39:11+00:00,3935,104,"['paris', 'saopaulo', 'first', 'brutalist', 'house', 'created']"
446,facehunter,2023-05-31 10:02:23+00:00,1383,30,"['london', 'brutalism', 'buenosaires', 'argentina', 'capital', 'known']"
447,facehunter,2023-05-22 12:35:46+00:00,325,25,"['getting', 'emotional…', 'documentary', 'crafting', 'last']"
448,facehunter,2023-05-01 14:11:32+00:00,1411,65,"['streetstyle', 'style', 'unique', 'people', 'baghdad', 'sanarya', 'english', 'streetstyle style']"
449,facehunter,2023-05-04 07:21:58+00:00,4589,122,"['baghdad', 'اني', 'احب', 'بغداد', 'alshaheed']"
450,parisiensinparis,2023-05-12 17:48:39+00:00,2867,4,"['parisfashionweek', 'pfw', 'paris', 'style', 'fashion', 'la', 'discrétion', 'shotoniphoneparisparisianparisieneffortlessstyleeffortlesschicnaturalfashiondenimdenimmaniaparisianstyleleparisienlaparisienneparisfashionweekpfw', 'shotoniphone', 'natural fashion', 'style effortlesschic', 'fashion denim', 'effortless style']"
451,facehunter,2023-05-16 10:06:08+00:00,995,19,"['christianity', 'baghdad', 'expect', 'see', 'many']"
452,parisiensinparis,2023-04-28 05:15:49+00:00,8953,48,"['parisfashionweek', 'pfw', 'paris', 'style', 'fashion', 'love', 'shotoniphoneparisparisianparisieneffortlessstyleeffortlesschicnaturalfashiondenimdenimmaniaparisianstyleleparisienlaparisienneparisfashionweekpfw', 'shotoniphone', 'parisian', 'natural fashion', 'style effortlesschic', 'fashion denim', 'effortless style']"
453,prada,2023-06-06 12:00:12+00:00,10637,62,"['prada', 'cityscape', 'landscape', 'clash', 'together', 'impossible']"
454,parisfashionweek,2023-05-18 16:08:46+00:00,1551,7,"['pfw', 'parisfashionweek', 'duo', 'boutet', 'solanes', 'partners', 'life', 'collection']"
455,parisfashionweek,2023-05-10 16:00:00+00:00,2691,16,"['parisfashionweek', 'pfw', 'paris', 'streetstyle', 'fashion', 'throwback', 'looks', 'spotted', 'photographer', 'paris fashion', 'fashion week', 'watch']"
456,prada,2023-06-03 17:00:13+00:00,14029,66,"['prada', 'pieces', 'move', 'formal', 'casual']"
457,parisfashionweek,2023-04-23 16:00:00+00:00,1968,13,"['show', 'parisfashionweek', 'pfw', 'paris', 'fashion', 'stolen', 'moments', 'presented', 'womenswear', 'paris fashion', 'fashion week', 'watch']"
458,prada,2023-06-03 10:00:09+00:00,11572,48,"['prada', 'crisp', 'poplin', 'shirt', 'enduring']"
459,parisfashionweek,2023-04-18 16:00:00+00:00,3382,14,"['parisfashionweek', 'pfw', 'paris', 'fashion', 'extracts', 'last', 'womenswear', 'fallwinter', 'collection', 'fallwinter collection', 'paris fashion', 'fashion week']"
460,parisfashionweek,2023-04-27 16:05:00+00:00,1652,15,"['parisfashionweek', 'pfw', 'captures', 'main', 'image', 'season', 'intersection', 'fallwinter collection', 'collection']"
461,harrystyles,2023-03-05 01:25:18+00:00,3182206,12206,"['love', 'tour', 'sydney', 'ii', 'march']"
462,oldprada,2022-08-27 14:42:47+00:00,339,5,"['prada', 'ss', 'vogue', 'italia', 'mar', 'prints']"
463,oldprada,2022-05-22 23:11:02+00:00,297,3,"['prada', 'chic', 'fashion', 'ss', 'vogue', 'italia', 'mar', 'gym']"
464,oldprada,2022-08-27 14:42:38+00:00,317,2,"['prada', 'ss', 'vogue', 'italia', 'mar', 'prints']"
465,oldprada,2022-08-15 13:39:05+00:00,440,0,"['prada', 'fashion', 'chic', 'ss', 'vogue', 'italia', 'mar', 'pale']"
466,oldprada,2022-08-27 14:42:31+00:00,608,0,"['prada', 'ss', 'vogue', 'italia', 'mar', 'prints']"
467,oldprada,2022-05-22 23:09:07+00:00,861,1,"['prada', 'chic', 'fashion', 'ss', 'vogue', 'italia', 'mar', 'gym']"
468,oldprada,2022-05-22 23:10:44+00:00,159,0,"['prada', 'chic', 'fashion', 'ss', 'vogue', 'italia', 'mar', 'gym']"
469,zendaya,2023-02-28 05:50:14+00:00,5758761,11574,['no_hashtag']
470,urbanoutfitters,2023-06-02 21:01:11+00:00,1172,1,"['new', 'arrivals', 'us', 'really', 'ready']"
471,urbanoutfitters,2023-06-05 23:00:38+00:00,6135,14,"['cute', 'things', 'small', 'space', 'say']"
472,taylorswift,2023-04-16 05:22:16+00:00,6207794,0,"['still', 'buzzing', 'shows', 'tampa', 'thank']"
473,taylorswift,2023-04-24 18:12:32+00:00,5860477,0,"['dress', 'got', 'play', 'insane', 'shows', 'houston']"
474,taylorswift,2023-05-01 14:23:59+00:00,5813265,0,"['wow', 'atlanta', 'just…', 'band', 'dancers']"
475,taylorswift,2023-03-25 20:49:30+00:00,6771062,0,"['vegas', 'wild', 'crowd', 'childhood', 'dreams']"
476,urbanoutfitters,2023-06-02 14:01:04+00:00,5391,12,"['spending', 'little', 'extra', 'time', 'outside']"
477,taylorswift,2023-03-19 01:50:27+00:00,8402240,0,"['miss', 'like', 'first', 'night', 'good']"
478,facehunter,2023-05-07 15:35:29+00:00,2111,38,"['baghdad', 'lecorbusier', 'mysterious', 'project', 'destiny']"
479,zendaya,2023-02-26 03:52:11+00:00,8861786,23682,"['look', 'thank', 'miuccia', 'recreating', 'us']"
480,taylorswift,2023-03-16 20:33:29+00:00,9535676,0,"['eras', 'era', 'nail polish', 'no_hashtag']"
481,zendaya,2023-02-26 00:46:55+00:00,7244060,24823,['no_hashtag']
482,oldprada,2022-08-15 13:38:28+00:00,721,4,"['prada', 'fashion', 'chic', 'ss', 'vogue', 'italia', 'mar', 'pale']"
483,harrystyles,2023-04-01 19:09:18+00:00,4911333,32121,"['one', 'year', 'april', 'no_hashtag']"
484,zendaya,2022-10-03 11:15:45+00:00,9539441,36821,"['valentino', 'girl', 'no_hashtag']"
485,zendaya,2022-08-03 20:32:56+00:00,7533443,23976,"['pp', 'pink', 'two hearts', 'no_hashtag']"
486,cameramodafashiontrust,2023-05-19 13:38:31+00:00,2950,35,"['fashion', 'thrilled', 'present', 'copresidents', 'members', 'international', 'fashion trust']"
487,cameramodafashiontrust,2023-05-19 13:42:28+00:00,854,22,"['fashion', 'thrilled', 'present', 'copresidents', 'members', 'international', 'fashion trust']"
488,milanfashionweek,2023-05-12 14:36:17+00:00,1644,17,"['armani', 'yesterday', 'mr', 'giorgio', 'received']"
489,zendaya,2022-09-14 21:50:38+00:00,10963524,24262,"['feet', 'hurt', 'got', 'whole', 'lot']"
490,milanfashionweek,2023-05-05 10:35:26+00:00,1922,18,"['show', 'presents', 'new', 'collection', 'along', 'arno']"
491,spfw,2023-05-29 00:59:13+00:00,3130,42,"['diretamente', 'de', 'ny', 'pro', 'spfw', 'look']"
492,spfw,2023-05-28 23:47:56+00:00,1475,22,"['spfw', 'recebeu', 'uma', 'exposição', 'especial']"
493,spfw,2023-05-28 23:03:39+00:00,5734,117,"['estilista', 'cearense', 'fez', 'sua', 'estreia', 'shorts']"
494,milanfashionweek,2023-05-02 08:55:12+00:00,5557,33,"['gala', 'metgala', 'fashion', 'italian', 'met', 'celebrating']"
495,spfw,2023-05-28 21:31:31+00:00,900,7,"['último', 'dia', 'de', 'spfw', 'última', 'collection']"
496,whowhatwear,2023-06-02 00:57:47+00:00,51736,149,"['barbiecore', 'mood', 'board', 'summer', 'wwwtb']"
497,whowhatwear,2023-06-04 02:15:43+00:00,4244,49,"['style', 'fashion', 'side', 'parts', 'ever', 'truly']"
498,dudalina,2023-06-08 21:00:18+00:00,540,8,"['sentiu', 'conforto', 'suavidade', 'daí', 'os']"
499,dudalina,2023-06-07 21:00:13+00:00,412,5,"['neste', 'inverno', 'aposte', 'em', 'peças']"
500,taylorswift,2023-03-20 02:36:07+00:00,6700152,0,"['well', 'last', 'night', 'rush', 'thank']"
501,dudalina,2023-06-01 21:22:53+00:00,123,0,"['dizem', 'que', 'amor', 'está', 'nos']"
502,taylorswift,2023-01-27 05:05:24+00:00,5967383,0,"['lavender', 'haze', 'video', 'lots', 'incredible']"
503,mamamaluf,2023-05-29 15:00:13+00:00,670,75,"['neste', 'dia', 'dos', 'namorados', 'presenteie']"
504,dudalina,2023-06-02 21:00:14+00:00,1016,24,"['camisa', 'um', 'ícone', 'que', 'nunca', 'look']"
505,wheresmydriver,2023-03-07 20:20:30+00:00,81,1,"['show', 'miu', 'prada', 'paris', 'fashion', 'nicolabeckham', 'brooklynbeckham', 'miumiu', 'jacket']"
506,dudalina,2023-06-06 20:00:14+00:00,248,1,"['chic', 'tweed', 'já', 'um', 'clássico', 'inverno']"
507,leeoliveira,2023-05-04 10:26:34+00:00,138,3,"['show', 'runway', 'style', 'street', 'outside', 'proenzaschouler', 'rtw']"
508,wheresmydriver,2023-03-07 20:48:38+00:00,273,117,"['show', 'miu', 'streetstyle', 'going', 'leave', 'original', 'intact', 'add', 'sunglasses', 'look']"
509,leeoliveira,2023-04-20 18:25:03+00:00,102,10,"['brera', 'design', 'district', 'ethereal', 'art']"
510,wheresmydriver,2023-03-07 08:23:07+00:00,207,3,"['paris', 'streetstyle', 'snippets', 'yesterdays', 'shows', 'zimmerman']"
511,versace,2023-05-25 11:56:40+00:00,698752,9193,"['show', 'fashion', 'guests', 'la', 'vacanza', 'collection available', 'collection']"
512,versace,2023-05-24 21:29:28+00:00,127686,312,"['versace', 'eveningwear', 'donatella', 'dua', 'lipa']"
513,versace,2023-05-24 11:31:34+00:00,238804,402,"['versace', 'la', 'vacanza', 'donatella', 'dua', 'collection available', 'collection']"
514,versace,2023-05-24 17:46:00+00:00,130145,284,"['versace', 'donatella', 'dua', 'lipa', 'shared']"
515,versace,2023-05-24 07:20:59+00:00,310627,662,"['versace', 'la', 'vacanza', 'donatella', 'dua', 'collection available', 'collection']"
516,versace,2023-05-24 00:37:17+00:00,76189,242,"['versace', 'butterfly', 'ladybugs', 'print', 'donatella', 'collection available', 'collection']"
517,leeoliveira,2023-04-25 11:30:15+00:00,76,3,"['milan', 'techniques', 'materials', 'presents', 'new', 'creations']"
518,dudalina,2023-06-09 15:00:10+00:00,157,5,"['conheça', 'sua', 'nova', 'camisa', 'preferida']"
519,zendaya,2023-02-28 05:21:07+00:00,3910922,7083,"['learning', 'stop', 'smell', 'roses', 'even']"
520,nyfw,2023-05-22 16:01:50+00:00,839,14,"['show', 'streetstyle', 'birds', 'feather', 'flock', 'together']"
521,nyfw,2023-05-15 16:04:57+00:00,558,5,"['moments', 'willychavaria', 'fw', 'fw23']"
522,nyfw,2023-05-11 16:01:11+00:00,1921,9,"['still', 'thinking', 'carolinaherrera', 'aw', 'aw23']"
523,nyfw,2023-05-20 15:55:14+00:00,1137,32,"['welcome', 'house', 'macgraw', 'presents', 'th', 'collection']"
524,taylorswift,2023-06-06 19:54:35+00:00,4492716,0,"['chicago', 'sooooo', 'epic', 'playing', 'nights']"
525,wheresmydriver,2023-03-21 21:28:08+00:00,75,1,"['runway', 'moschino', 'designer', 'jeremyscott', 'left', 'unusually']"
526,nyfw,2023-05-13 17:02:40+00:00,1144,13,"['another', 'look', 'thombrowne', 'aw', 'aw23']"
527,facehunter,2023-06-09 09:27:27+00:00,888,25,"['paris', 'streetstyle', 'style', 'saopaulo', 'street', 'encounters', 'inara', 'lebanese', 'streetstyle style']"
528,wheresmydriver,2023-05-26 14:46:05+00:00,28,0,"['cannes', 'awards', 'runway', 'show', 'chanel', 'streetstyle', 'everything', 'else']"
529,prabalgurung,2023-06-07 01:00:32+00:00,1886,6,"['favorite', 'look', 'designed', 'heavenly', 'guanyin', 'watch']"
530,nyfw,2023-05-09 15:57:16+00:00,2619,29,"['dreaming', 'adeam', 'fw', 'camera with flash', 'fw23']"
531,wheresmydriver,2023-04-16 15:33:14+00:00,15,1,"['fashion', 'raissa', 'gerrona', 'chief', 'brand', 'officer']"
532,watchingnewyork,2023-06-06 12:17:48+00:00,25063,134,"['fashion', 'style', 'streetstyle', 'something', 'shady', 'new', 'yorkers', 'streetfashion', 'sunglasses', 'fashion street', 'streetfashion fashion', 'vintage thrift', 'newyorkcity style']"
533,watchingnewyork,2023-05-28 14:35:36+00:00,33901,137,"['fashion', 'style', 'streetstyle', 'may', 'archives', 'streetfashion', 'street', 'fashion street', 'streetfashion fashion', 'streetstyle vintage', 'vintage thrift', 'style streetstyle']"
534,watchingnewyork,2023-06-05 12:18:33+00:00,22451,96,"['fashion', 'style', 'streetstyle', 'recent', 'favorites', 'streetfashion', 'street', 'fashion street', 'streetfashion fashion', 'style streetstyle', 'vintage thrift', 'streetstyle vintage']"
535,leeoliveira,2023-04-24 02:01:52+00:00,224,13,"['milan', 'chairs', 'exhibition', 'presented', 'salone', 'del']"
536,watchingnewyork,2023-05-30 12:47:45+00:00,32099,301,"['fashion', 'style', 'streetstyle', 'happy', 'birthday', 'true', 'new', 'york', 'streetfashion fashion', 'newyorkcity style', 'streetstyle vintage', 'vintage thrift', 'style streetstyle']"
537,facehunter,2023-04-26 07:25:36+00:00,1332,19,"['style', 'aesthetic', 'baghdad', 'burj', 'abboud', 'rifatchadirji', 'abdullah']"
538,watchingnewyork,2023-05-30 12:46:53+00:00,31340,177,"['fashion', 'style', 'streetstyle', 'watching', 'disney', 'absolute', 'blast', 'first', 'fashion street', 'streetfashion fashion', 'vintage thrift', 'streetstyle vintage', 'style streetstyle']"
539,watchingnewyork,2023-05-24 11:27:08+00:00,78620,266,"['fashion', 'style', 'streetstyle', 'recent', 'favorites', 'donald', 'cover', 'honor', 'fashion street', 'streetfashion fashion', 'vintage thrift', 'style streetstyle', 'newyorkcity style']"
540,versace,2023-05-25 20:06:05+00:00,84690,203,"['show', 'fashion', 'guests', 'la', 'vacanza', 'collection available', 'collection']"
541,facehunter,2023-04-15 16:25:08+00:00,3516,97,"['chic', 'fashion', 'streetstyle', 'style', 'baghdad', '\u200eجميلات', 'بغداد', 'meeting', 'streetstyle style']"
542,facehunter,2023-02-26 17:16:48+00:00,4739,80,"['tenerife', 'know', 'canaryislands', 'developed', 'basis']"
543,watchingnewyork,2023-05-21 12:45:59+00:00,42590,156,"['fashion', 'style', 'streetstyle', 'may', 'archives', 'streetfashion', 'street', 'fashion street', 'streetfashion fashion', 'streetstyle vintage', 'vintage thrift', 'style streetstyle']"
544,facehunter,2023-03-13 19:51:48+00:00,597,3,"['eerie', 'vibe', 'varosha', 'ghost', 'town']"
545,facehunter,2023-03-04 16:36:48+00:00,2088,29,"['curves', 'cyprus', 'apostle', 'peter', 'st']"
546,facehunter,2023-04-12 17:30:09+00:00,1995,69,"['baghdad', 'iraqi', 'modernist', 'architecture', 'roaming']"
547,parisiensinparis,2023-04-16 07:57:02+00:00,26239,82,"['parisfashionweek', 'pfw', 'paris', 'style', 'fashion', 'bromance', 'shotoniphoneparisparisianparisieneffortlessstyleeffortlesschicnaturalfashiondenimdenimmaniaparisianstyleleparisienlaparisienneparisfashionweekpfw', 'shotoniphone', 'parisian', 'natural fashion', 'style effortlesschic', 'fashion denim', 'effortless style']"
548,facehunter,2023-02-25 15:59:21+00:00,812,27,"['fashionweek', 'milan', 'fashion', 'streetstyle', 'style', 'milano', 'veni', 'vidi', 'streetstyli', 'laid', 'style styleinspiration', 'model', 'streetstyle style']"
549,harrystyles,2023-03-01 05:11:54+00:00,4658051,39562,"['love', 'tour', 'gold', 'coast', 'february']"
550,parisiensinparis,2023-04-16 07:03:45+00:00,7610,40,"['parisfashionweek', 'pfw', 'paris', 'style', 'fashion', 'shotoniphoneparisparisianparisieneffortlessstyleeffortlesschicnaturalfashiondenimdenimmaniaparisianstyleleparisienlaparisienneparisfashionweekpfw', 'shotoniphone', 'parisian', 'parisien', 'natural fashion', 'style effortlesschic', 'fashion denim', 'effortless style']"
551,facehunter,2023-04-24 14:08:42+00:00,1409,46,"['festival', 'baghdad', 'marina', 'started', 'ride', 'bicycle']"
552,parisiensinparis,2023-04-13 13:40:05+00:00,4974,8,"['parisfashionweek', 'pfw', 'paris', 'style', 'fashion', 'shotoniphoneparisparisianparisieneffortlessstyleeffortlesschicnaturalfashiondenimdenimmaniaparisianstyleleparisienlaparisienneparisfashionweekpfw', 'fire', 'two hearts', 'cherry blossom', 'sun', 'fashion denim', 'natural fashion', 'style effortlesschic', 'effortless style']"
553,facehunter,2023-03-03 18:00:48+00:00,752,11,"['streetstyle', 'style', 'nicosia', 'looking', 'hope', 'last', 'divided', 'streetstyle style']"
554,harrystyles,2023-02-14 16:23:20+00:00,4166577,27485,"['brits', 'february', 'no_hashtag']"
555,facehunter,2023-04-22 16:31:21+00:00,2719,42,"['old', 'baghdad', 'reminiscent', 'iraqi', 'cultural']"
556,harrystyles,2023-02-07 03:26:37+00:00,6415828,83042,"['grammys', 'february', 'no_hashtag']"
557,harrystyles,2023-02-02 21:33:23+00:00,4481353,29151,"['love', 'tour', 'palm', 'springs', 'ii']"
558,watchingnewyork,2023-06-03 12:32:25+00:00,36482,166,"['fashion', 'style', 'streetstyle', 'june', 'archives', 'streetfashion', 'street', 'fashion street', 'streetfashion fashion', 'streetstyle vintage', 'vintage thrift', 'style streetstyle']"
559,oldprada,2022-05-11 19:21:31+00:00,125,0,"['prada', 'fashion', 'ss', 'karen', 'elson', 'sam', 'taylorwood']"
560,parisfashionweek,2023-04-07 16:10:00+00:00,1842,16,"['parisfashionweek', 'pfw', 'logical', 'functional', 'clothing', 'yet', 'fully', 'fallwinter collection', 'collection']"
561,parisfashionweek,2023-04-11 16:14:24+00:00,3531,21,"['parisfashionweek', 'pfw', 'paris', 'fashion', 'photographer', 'captured', 'specials', 'moments', 'last', 'paris fashion', 'fashion week']"
562,prada,2023-05-28 11:44:06+00:00,32677,199,"['cannes', 'festival', 'gala', 'prada', 'anushka', 'sharma', 'storm', 'reid', 'pants']"
563,oldprada,2022-05-11 19:21:14+00:00,288,0,"['prada', 'fashion', 'ss', 'karen', 'elson', 'sam', 'taylorwood']"
564,oldprada,2022-05-11 19:21:46+00:00,259,0,"['prada', 'fashion', 'ss', 'karen', 'elson', 'sam', 'taylorwood']"
565,parisfashionweek,2023-03-29 16:10:28+00:00,2716,32,"['show', 'parisfashionweek', 'pfw', 'paris', 'fashion', 'talented', 'brings', 'us', 'streets', 'paris fashion', 'fashion week']"
566,prada,2023-05-28 16:03:13+00:00,15068,73,"['cannes', 'festival', 'premiere', 'prada', 'dress', 'alexa', 'chung', 'alice', 'rohrwacher', 'bag', 'skirt']"
567,parisfashionweek,2023-03-24 17:10:31+00:00,3718,25,"['show', 'parisfashionweek', 'pfw', 'couture', 'fall', 'winter', 'wardrobe', 'weinsanto', 'range']"
568,oldprada,2022-05-09 18:00:47+00:00,881,3,"['prada', 'fashion', 'chic', 'ss', 'vogue', 'italia', 'mar', 'variation']"
569,prada,2023-05-29 07:35:12+00:00,18469,57,"['cannes', 'festival', 'ceremony', 'prada', 'dress', 'anaïs', 'demoustier', 'attending', 'th']"
570,parisfashionweek,2023-03-26 16:00:00+00:00,2756,23,"['parisfashionweek', 'pfw', 'expresses', 'attachment', 'moroccan', 'roots', 'sense', 'clothing', 'fallwinter collection', 'collection']"
571,parisfashionweek,2023-04-02 16:25:00+00:00,2183,24,"['parisfashionweek', 'pfw', 'paris', 'fashion', 'sweet', 'dream', 'beautiful', 'nightmare', 'designers', 'paris fashion', 'fashion week', 'collection']"
572,parisfashionweek,2023-03-20 16:57:43+00:00,1707,24,"['parisfashionweek', 'pfw', 'details', 'forgotten', 'recalled', 'bringing', 'thoughts']"
573,facehunter,2023-05-05 12:36:20+00:00,710,18,"['show', 'iraqiswedish', 'artist', 'sara', 'recently', 'exhibition']"
574,parisfashionweek,2023-03-22 17:10:00+00:00,1586,15,"['parisfashionweek', 'pfw', 'aw', 'rui', 'attempts', 'create', 'enclosed', 'fallwinter collection', 'collection']"
575,oldprada,2022-05-09 18:01:14+00:00,374,0,"['prada', 'fashion', 'chic', 'ss', 'vogue', 'italia', 'mar', 'variation']"
576,cameramodafashiontrust,2023-05-19 13:43:03+00:00,464,1,"['fashion', 'thrilled', 'present', 'copresidents', 'members', 'international', 'fashion trust']"
577,oldprada,2022-05-09 18:01:03+00:00,136,0,"['prada', 'fashion', 'chic', 'ss', 'vogue', 'italia', 'mar', 'variation']"
578,zendaya,2022-06-28 22:29:16+00:00,4314715,8273,['no_hashtag']
579,prada,2023-06-02 14:00:10+00:00,64023,177,"['prada', 'caffè', 'space', 'designed', 'add']"
580,zendaya,2022-06-28 18:30:06+00:00,5090976,10618,['no_hashtag']
581,zendaya,2022-03-03 18:51:47+00:00,9528960,18429,"['future', 'human', 'no_hashtag']"
582,zendaya,2022-05-23 16:59:38+00:00,5970056,14355,"['great', 'honor', 'thank', 'acknowledgment', 'denis']"
583,prada,2023-05-29 16:00:12+00:00,42797,481,"['prada', 'part', 'ongoing', 'partnership', 'red']"
584,zendaya,2022-03-29 15:39:42+00:00,10633517,30201,"['vanity', 'fair', 'no_hashtag']"
585,zendaya,2022-03-03 16:10:17+00:00,5917917,10095,"['one', 'time', 'favorite', 'shoots', 'special']"
586,milanfashionweek,2023-04-21 09:50:29+00:00,774,7,"['fashion', 'presents', 'woven', 'spectrum', 'dreamy', 'installation', 'home collection', 'collection']"
587,urbanoutfitters,2023-05-27 21:00:48+00:00,2541,6,"['dress', 'almost', 'lounge', 'pool', 'day', 'season']"
588,milanfashionweek,2023-04-21 15:48:03+00:00,1309,6,"['haute', 'couture', 'occasion', 'milandesignweek', 'part', 'milano', 'moda']"
589,milanfashionweek,2023-04-18 15:57:42+00:00,844,9,"['unveils', 'missoni', 'home', 'collection', 'milandesignweek', 'home collection']"
590,milanfashionweek,2023-04-19 10:14:44+00:00,5072,27,"['valentino', 'milan', 'enter', 'timeless', 'elegance', 'unbound', 'creativity', 'vintage']"
591,urbanoutfitters,2023-05-26 18:17:30+00:00,2004,18,"['get', 'right', 'uohome']"
592,milanfashionweek,2023-04-20 17:31:20+00:00,1379,13,"['presents', 'new', 'home', 'collection', 'roberto', 'home collection']"
593,zendaya,2022-06-28 13:36:47+00:00,4496011,10272,"['dream', 'shooting', 'cover', 'thank', 'much']"
594,dudalina,2023-05-28 20:00:16+00:00,465,4,"['seja', 'qual', 'ocasião', 'um', 'look']"
595,milanfashionweek,2023-04-19 07:41:42+00:00,1260,11,"['fashion', 'milandesignweek', 'milano', 'moda', 'design', 'casa']"
596,milanfashionweek,2023-04-21 17:47:55+00:00,2115,11,"['versace', 'fashion', 'opens', 'doors', 'latest', 'home', 'home collection', 'collection']"
597,dudalina,2023-05-22 20:00:14+00:00,235,0,"['qualidade', 'que', 'você', 'conhece', 'com']"
598,milanfashionweek,2023-04-20 12:50:29+00:00,2227,14,"['milan', 'celebrate', 'milano', 'moda', 'design', 'milandesignweek', 'home collection', 'collection']"
599,spfw,2023-05-28 03:40:00+00:00,2578,45,"['inspirado', 'na', 'infância', 'sertão', 'piauiense']"
600,dudalina,2023-05-19 21:00:10+00:00,216,2,"['preparese', 'para', 'inverno', 'com', 'nossos']"
601,urbanoutfitters,2023-05-31 14:35:35+00:00,24351,75,"['one', 'mood', 'new', 'needlepoint', 'pillows']"
602,whowhatwear,2023-05-31 00:58:41+00:00,2867,21,"['wear', 'fashion', 'world', 'onset', 'long', 'summer', 'days']"
603,dudalina,2023-05-25 20:00:09+00:00,341,8,"['em', 'um', 'relacionamento', 'sério', 'com']"
604,spfw,2023-05-28 01:09:39+00:00,1011,12,"['já', 'passou', 'lounge', 'da', 'além', 'collection']"
605,spfw,2023-05-28 02:37:40+00:00,398,8,"['os', 'cartões', 'estão', 'até', 'nos']"
606,spfw,2023-05-28 00:10:21+00:00,862,67,"['festival', 'trouxe', 'um', 'pouco', 'de', 'ny']"
607,whowhatwear,2023-05-26 22:24:21+00:00,52170,209,"['fashion', 'oh', 'kendall', 'jenner', 'south', 'france', 'bag', 'look']"
608,dudalina,2023-05-26 21:00:09+00:00,483,10,"['jaqueta', 'trendy', 'da', 'estação', 'trucker', 'jeans', 'look']"
609,whowhatwear,2023-05-28 23:40:02+00:00,9598,30,"['style', 'thought', 'yk', 'movement', 'think']"
610,versace,2023-05-20 17:22:29+00:00,192271,586,"['cannes', 'show', 'versace', 'donatella', 'dua', 'lipa', 'request', 'watch', 'collection']"
611,oldprada,2022-08-15 13:38:45+00:00,236,2,"['prada', 'fashion', 'chic', 'ss', 'vogue', 'italia', 'mar', 'pale']"
612,milanfashionweek,2023-04-20 10:39:31+00:00,1684,16,"['immerse', 'nuances', 'andes', 'discover', 'apacheta']"
613,dudalina,2023-05-17 21:00:13+00:00,607,13,"['chic', 'estilosa', 'versátil', 'nossas', 'novas']"
614,spfw,2023-05-28 01:41:57+00:00,3545,66,"['goiana', 'cora', 'coralina', 'foi', 'inspiração']"
615,watchingnewyork,2023-05-19 12:26:39+00:00,40523,159,"['fashion', 'style', 'streetstyle', 'recent', 'favorites', 'streetfashion', 'street', 'fashion street', 'streetfashion fashion', 'streetstyle vintage', 'vintage thrift', 'style streetstyle']"
616,watchingnewyork,2023-05-15 12:29:34+00:00,29681,174,"['fashion', 'style', 'streetstyle', 'recent', 'favorites', 'streetfashion', 'street', 'fashion street', 'streetfashion fashion', 'streetstyle vintage', 'vintage thrift', 'style streetstyle']"
617,milanfashionweek,2023-04-20 14:44:57+00:00,787,3,"['living', 'returns', 'milandesignweek', 'statement', 'brands']"
618,facehunter,2023-02-22 17:29:57+00:00,2725,94,"['mauritania', 'took', 'heart', 'would', 'consider']"
619,oldprada,2021-06-17 17:08:28+00:00,785,0,"['prada', 'accessories', 'ss', 'oldprada', 'miuccialover', 'embellishment']"
620,watchingnewyork,2023-05-13 13:27:39+00:00,47122,226,"['fashion', 'style', 'streetstyle', 'may', 'archives', 'streetfashion', 'street', 'fashion street', 'streetfashion fashion', 'streetstyle vintage', 'vintage thrift', 'style streetstyle']"
621,versace,2023-05-10 15:00:08+00:00,56649,146,"['versace', 'dress', 'atelier', 'springsummer', 'look', 'draped']"
622,watchingnewyork,2023-05-09 12:30:23+00:00,36816,258,"['fashion', 'style', 'streetstyle', 'recent', 'top', 'shots', 'streetfashion', 'fashion street', 'streetfashion fashion', 'vintage thrift', 'newyorkcity style', 'streetstyle vintage']"
623,facehunter,2023-02-12 09:52:30+00:00,2190,46,"['chinguetti', 'always', 'battling', 'survival', 'sahara']"
624,facehunter,2023-01-21 15:39:59+00:00,741,17,"['ⴰⴳⴰⴷⵉⵔ', 'destroyed', 'massive', 'earthquake', 'agadir']"
625,watchingnewyork,2023-05-05 12:19:19+00:00,42229,314,"['fashion', 'style', 'streetstyle', 'early', 'spring', 'blazer', 'inspiration', 'streetfashion', 'fashion street', 'streetfashion fashion', 'style streetstyle', 'vintage thrift', 'newyorkcity style']"
626,facehunter,2023-02-07 11:57:08+00:00,3569,133,"['mauritania', 'riding', 'irontrain', 'hours', 'makes']"
627,facehunter,2023-01-12 14:03:05+00:00,1139,25,"['streetstyle', 'style', 'ⵜⴰⵖⴰⵣⵓⵜ', 'born', 'creative', 'person', 'give']"
628,facehunter,2023-02-18 16:38:00+00:00,721,17,"['fashion', 'streetstyle', 'style', 'inspiring', 'women', 'mauritania', 'trip', 'northwestern', 'style styleinspiration', 'streetstyle style']"
629,facehunter,2023-02-01 11:27:06+00:00,1433,62,"['streetstyle', 'style', 'mauritania', 'haouli', 'swag', 'loving', 'every', 'style styleinspiration', 'streetstyle style']"
630,watchingnewyork,2023-04-30 15:12:17+00:00,29709,122,"['fashion', 'style', 'streetstyle', 'april', 'archives', 'streetfashion', 'street', 'fashion street', 'streetfashion fashion', 'streetstyle vintage', 'style streetstyle', 'vintage thrift']"
631,facehunter,2023-02-09 11:14:13+00:00,790,32,"['streetstyle', 'style', 'nouakchott', 'jopo', 'mamadou', 'nkt', 'mauritanie', 'style styleinspiration', 'streetstyle style']"
632,dudalina,2023-05-20 21:00:09+00:00,507,5,"['toda', 'praticidade', 'atemporalidade', 'de', 'uma', 'jeans']"
633,facehunter,2023-02-06 13:20:06+00:00,464,8,"['streetstyle', 'style', 'ouadane', 'zaïda', 'owner', 'highindemand', 'guesthouse', 'streetstyle style']"
634,prada,2023-05-27 14:00:11+00:00,14369,40,"['cannes', 'festival', 'prada', 'dress', 'anthony', 'chen', 'anais', 'demoustier', 'koreeda', 'shirt']"
635,prabalgurung,2023-05-14 05:43:46+00:00,1764,10,"['gala', 'golden', 'night', 'oh', 'seeing', 'many']"
636,prada,2023-05-25 19:00:09+00:00,12541,34,"['awards', 'prada', 'london', 'dress', 'ben', 'whishaw', 'jasmine', 'jobson', 'shirt', 'bag']"
637,harrystyles,2022-12-15 09:43:32+00:00,4147912,22310,"['love', 'tour', 'são', 'paulo', 'iii']"
638,prada,2023-05-25 15:00:10+00:00,14242,54,"['awards', 'ceremony', 'prada', 'jasmine', 'trinca', 'total', 'looks']"
639,harrystyles,2022-12-13 22:11:04+00:00,4433321,44984,"['fine', 'line', 'three', 'years', 'old']"
640,parisfashionweek,2023-03-10 17:04:40+00:00,2679,25,"['parisfashionweek', 'pfw', 'throwback', 'backstage', 'captured', 'camera', 'visit', 'watch']"
641,prada,2023-05-25 12:25:15+00:00,27420,88,"['adidas', 'prada', 'first', 'kind', 'football']"
642,parisfashionweek,2023-03-14 17:38:06+00:00,1320,17,"['paris', 'dress', 'founder', 'pigalle', 'appointed', 'artistic', 'director']"
643,harrystyles,2022-12-04 17:10:40+00:00,3714902,28791,"['love', 'tour', 'buenos', 'aires', 'december']"
644,prada,2023-05-26 10:10:33+00:00,53214,185,"['cannes', 'festival', 'premiere', 'prada', 'dress', 'scarlett', 'johansson', 'face', 'current', 'pradagalleria', 'collection']"
645,prabalgurung,2023-05-13 20:49:14+00:00,8756,34,"['gala', 'awards', 'runway', 'cofounder', 'board', 'member', 'weekend', 'goldgala']"
646,zendaya,2022-02-07 01:16:00+00:00,9660689,22249,"['interview', 'asked', 'rue', 'journey', 'season']"
647,spfw,2023-05-28 14:50:50+00:00,666,14,"['atenção', 'programação', 'de', 'hoje', 'último']"
648,zendaya,2022-02-16 20:08:32+00:00,12058900,24938,"['new', 'campaign', 'valentinorendezvous', 'ribbon']"
649,urbanoutfitters,2023-05-24 14:01:06+00:00,1917,2,"['every', 'mood', 'occassion', 'summer', 'online']"
650,milanfashionweek,2023-04-21 08:08:17+00:00,4130,18,"['milan', 'presents', 'latest', 'additions', 'objets', 'nomades', 'collection']"
651,watchingnewyork,2023-05-07 12:19:24+00:00,45642,219,"['fashion', 'style', 'streetstyle', 'may', 'archives', 'nothing', 'street', 'newyorkcity style', 'style streetstyle', 'streetstyle vintage', 'vintage thrift', 'vintage']"
652,zendaya,2022-02-15 05:20:25+00:00,13825519,19950,['no_hashtag']
653,urbanoutfitters,2023-05-23 14:01:30+00:00,4765,22,"['enjoying', 'weather', 'uo', 'uocommunity', 'camera with flash']"
654,leeoliveira,2023-02-18 17:23:50+00:00,801,15,"['streetsatnyfw', 'gift', 'keeps', 'giving', 'spotted']"
655,leeoliveira,2023-03-17 22:15:20+00:00,441,27,"['trend', 'style', 'one', 'street', 'photography']"
656,parisiensinparis,2023-03-18 15:04:35+00:00,4261,3,"['parisfashionweek', 'pfw', 'paris', 'style', 'fashion', 'cosy', 'morning', 'ride', 'shotoniphoneparisparisianparisieneffortlessstyleeffortlesschicnaturalfashiondenimdenimmaniaparisianstyleleparisienlaparisiennemajeparisfashionweekpfw', 'shotoniphone', 'natural fashion', 'style effortlesschic', 'fashion denim', 'effortless style']"
657,wheresmydriver,2023-04-16 14:55:30+00:00,116,5,"['revolve', 'threw', 'party', 'coachellaeven', 'lewis']"
658,spfw,2023-05-27 17:47:02+00:00,3097,52,"['quantos', 'eus', 'cabem', 'dentro', 'da']"
659,urbanoutfitters,2023-05-30 21:01:33+00:00,1392,2,"['wear', 'done', 'new', 'graphic', 'tees', 'polos']"
660,spfw,2023-05-27 21:53:58+00:00,3555,35,"['rafa', 'silvério', 'fez', 'seu', 'primeiro']"
661,urbanoutfitters,2023-05-25 19:29:00+00:00,1873,12,"['youre', 'ready', 'summer', 'uocommunity', 'camera with flash']"
662,versace,2023-05-02 20:08:07+00:00,218237,430,"['gala', 'metgala', 'versace', 'chanel', 'donatella', 'versaces', 'custom', 'atelier']"
663,spfw,2023-05-27 12:00:00+00:00,14184,102,"['planta', 'que', 'cresce', 'em', 'roupa']"
664,prada,2023-05-26 08:15:05+00:00,12476,34,"['cannes', 'festival', 'prada', 'dress', 'storm', 'reid', 'daryl', 'mccormack', 'shirt']"
665,spfw,2023-05-27 11:00:00+00:00,1864,26,"['programação', 'de', 'hoje', 'acompanhe', 'tudo']"
666,spfw,2023-05-27 20:50:35+00:00,10073,97,"['fez', 'um', 'desfile', 'lindo', 'em']"
667,versace,2023-05-02 11:00:07+00:00,938672,1642,"['gala', 'metgala', 'versace', 'chanel', 'anne', 'hathaways', 'custom', 'atelier']"
668,whowhatwear,2023-05-26 17:55:50+00:00,22745,35,"['fashion', 'trend', 'small', 'buy', 'big', 'impact', 'look']"
669,versace,2023-04-29 08:00:00+00:00,123446,360,"['versace', 'eyewear', 'springsummer', 'versacecom', 'via']"
670,parisiensinparis,2023-03-24 09:39:46+00:00,11907,45,"['parisfashionweek', 'pfw', 'paris', 'chic', 'trend', 'also', 'shearling', 'cognac', 'fashion denim', 'effortless style', 'natural fashion', 'style effortlesschic', 'style']"
671,whowhatwear,2023-05-24 17:30:11+00:00,12214,54,"['chanel', 'one', 'thing', 'connects', 'ever', 'fathers']"
672,whowhatwear,2023-05-24 16:01:39+00:00,34533,104,"['chanel', 'different', 'social', 'media', 'era', 'back']"
673,watchingnewyork,2023-04-26 12:16:15+00:00,34589,279,"['fashion', 'style', 'streetstyle', 'streets', 'heating', 'recent', 'favorites', 'streetfashion', 'fashion street', 'streetfashion fashion', 'style streetstyle', 'streetstyle vintage', 'vintage thrift']"
674,datewithversace,2023-05-19 08:28:03+00:00,2886,9,"['cannes', 'dress', 'shines', 'wearing', 'atelierversace', 'springsummer']"
675,watchingnewyork,2023-04-23 13:31:58+00:00,36308,137,"['fashion', 'style', 'streetstyle', 'april', 'archives', 'streetfashion', 'street', 'fashion street', 'streetfashion fashion', 'newyorkcity style', 'style streetstyle', 'streetstyle vintage']"
676,whowhatwear,2023-05-24 02:24:20+00:00,16271,107,"['runway', 'rip', 'overfilled', 'perfectly', 'arched', 'instagram', 'look']"
677,watchingnewyork,2023-04-19 12:26:45+00:00,32624,287,"['fashion', 'style', 'streetstyle', 'hot', 'cold', 'recent', 'top', 'shots', 'fashion street', 'streetfashion fashion', 'style streetstyle', 'vintage thrift', 'newyorkcity style']"
678,watchingnewyork,2023-04-12 12:18:00+00:00,30136,160,"['fashion', 'style', 'streetstyle', 'favorite', 'trios', 'winter', 'streetfashion', 'fashion street', 'streetfashion fashion', 'streetstyle vintage', 'style streetstyle', 'vintage thrift']"
679,nyfw,2023-05-02 02:12:09+00:00,18767,70,"['metgala', 'metgala.', 'wear', 'showstopping', 'janellemonae', 'teyannataylor', 'oliviarodrigo', 'bellaramsey']"
680,watchingnewyork,2023-04-07 12:36:19+00:00,32320,159,"['wear', 'fashion', 'style', 'streetstyle', 'friday', 'something', 'great', 'nice', 'fashion street', 'streetfashion fashion', 'vintage thrift', 'streetstyle vintage', 'style streetstyle']"
681,zendaya,2022-01-09 23:17:34+00:00,9229231,20272,"['reminder', 'tonight…', 'no_hashtag']"
682,adidasfootball,2023-05-23 11:59:21+00:00,331719,649,"['adidas', 'prada', 'two', 'iconic', 'brands', 'three', 'boots']"
683,zendaya,2022-01-13 19:47:35+00:00,4861471,4847,"['news', 'breaks', 'heart', 'speak', 'us']"
684,watchingnewyork,2023-04-09 12:30:00+00:00,26252,174,"['fashion', 'style', 'streetstyle', 'easter', 'colors', 'today', 'hope', 'find', 'fashion street', 'streetfashion fashion', 'streetstyle vintage', 'style streetstyle', 'vintage thrift']"
685,nyfw,2023-05-04 16:02:21+00:00,1188,17,"['archive', 'browsing', 'nostalgia', 'full', 'swing', 'collection']"
686,whowhatwear,2023-05-24 19:38:14+00:00,97585,246,"['chanel', 'define', 'boundaries', 'family', 'work', 'may']"
687,nyfw,2023-05-02 15:00:02+00:00,1432,14,"['metgala', 'metgala.', 'fashionalliance', 'designers', 'come', 'play', 'years']"
688,nyfw,2023-05-01 22:53:25+00:00,13725,61,"['metgala', 'metgala.', 'wear', 'showstopping', 'ritaora', 'quintabrunson', 'anokyai', 'quannahchasinghorse']"
689,fashionweek,2023-05-02 02:04:42+00:00,33947,309,"['metgala', 'metgala.', 'star', 'walkin', 'creative', 'direction', 'lilnasx']"
690,facehunter,2023-01-10 15:21:34+00:00,688,15,"['chic', 'streetstyle', 'casa', 'danielburen', 'sofia', 'une']"
691,urbanoutfitters,2023-05-25 00:26:46+00:00,1820,18,"['take', 'us', 'someplace', 'nice', 'tonight']"
692,parisfashionweek,2023-03-06 20:02:00+00:00,16633,77,"['pfw', 'pfw!', 'paris', 'fashion', 'continues', 'cover', 'shows', 'womenswear', 'paris fashion', 'fashion week']"
693,facehunter,2022-12-12 09:39:08+00:00,2168,43,"['streetstyle', 'style', 'geneva', 'financial', 'hub', 'worldwide', 'center']"
694,nyfw,2023-05-03 22:12:17+00:00,1248,14,"['metgala', 'metgala.', 'dazzling', 'duo', 'mindykhaling', 'stuns', 'simkhai']"
695,urbanoutfitters,2023-05-21 23:29:44+00:00,2003,15,"['seasons', 'top', 'players', 'new', 'sports']"
696,facehunter,2022-12-06 14:50:57+00:00,236,10,"['continuing', 'exploration', 'innovation', 'creativity', 'celebrate']"
697,prada,2023-06-04 12:00:11+00:00,21109,79,"['prada', 'patterns', 'stand', 'summer', 'rethought', 'reiterated']"
698,versace,2023-05-02 15:41:10+00:00,27456,81,"['gala', 'metgala', 'versace', 'simu', 'lius', 'custom', 'atelier']"
699,milanfashionweek,2023-03-13 10:22:19+00:00,2367,16,"['armani', 'versace', 'gucci', 'valentino', 'fendi', 'oscars', 'night', 'moments', 'looks', 'italian']"
700,milanfashionweek,2023-03-21 08:26:47+00:00,1672,25,"['show', 'milan', 'fashion', 'camera', 'nazionale', 'della', 'moda', 'italiana']"
701,milanfashionweek,2023-03-06 11:44:59+00:00,4900,43,"['show', 'valentino', 'fashion', 'presents', 'fallwinter', 'collection', 'creative', 'director', 'fallwinter collection']"
702,milanfashionweek,2023-03-09 10:42:39+00:00,3541,26,"['mfw', 'streets', 'shot']"
703,milanfashionweek,2023-03-10 15:48:10+00:00,10701,66,"['show', 'versace', 'unveils', 'new', 'versacefw', 'los', 'angeles']"
704,facehunter,2022-11-28 13:08:55+00:00,245,6,"['celebrate', 'latest', 'limited', 'edition', 'finest']"
705,nyfw,2023-05-08 21:22:17+00:00,1014,16,"['nyfw', 'gala', 'happy', 'aapiheritagemonth', 'designers', 'represented']"
706,facehunter,2023-01-06 15:15:01+00:00,1854,32,"['casablanca', 'one', 'important', 'architectural', 'laboratories', 'model']"
707,taylorswift,2022-12-12 20:01:33+00:00,3278330,0,"['honor', 'speaking', 'martin', 'mcdonagh', 'brilliant']"
708,facehunter,2022-10-22 11:45:04+00:00,1064,32,"['london', 'streetstyle', 'fashion', 'style', 'first', 'time', 'postbrexit', 'capturing']"
709,leeoliveira,2023-01-11 11:00:08+00:00,218,9,"['milan', 'piazza', 'carlo', 'stuparich', 'no_hashtag']"
710,facehunter,2023-01-08 16:25:17+00:00,622,8,"['streetstyle', 'casablanca', 'mohammed', 'karim', 'owns', 'clothing']"
711,facehunter,2022-10-26 08:00:41+00:00,1082,35,"['london', 'streetstyle', 'style', 'street', 'swag', 'made', 'michael']"
712,milanfashionweek,2023-03-13 09:36:02+00:00,3281,31,"['awards', 'armani', 'versace', 'prada', 'moschino', 'moments', 'th', 'academy', 'looks']"
713,milanfashionweek,2023-03-20 10:51:38+00:00,3513,31,"['mfw', 'monday', 'mood', 'another', 'round', 'streets']"
714,milanfashionweek,2023-04-18 13:32:15+00:00,1142,11,"['occasion', 'milano', 'moda', 'design', 'milandesignweek', 'home collection', 'collection']"
715,facehunter,2022-11-25 10:44:15+00:00,537,8,"['nantes', 'arbre', 'basket', 'quite', 'clever']"
716,parisiensinparis,2023-03-31 06:55:30+00:00,7182,17,"['parisfashionweek', 'pfw', 'paris', 'style', 'fashion', 'parisienne', 'shotoniphoneparisparisianparisieneffortlessstyleeffortlesschicnaturalfashiondenimdenimmaniaparisianstyleleparisienlaparisienneparisfashionweekpfw', 'shotoniphone', 'parisian', 'natural fashion', 'style effortlesschic', 'fashion denim', 'effortless style']"
717,facehunter,2022-12-04 09:37:23+00:00,1880,22,"['streetstyle', 'style', 'berlin', 'die', 'poesie', 'grauer', 'tage']"
718,watchingnewyork,2023-05-03 12:15:11+00:00,27608,193,"['fashion', 'style', 'streetstyle', 'recent', 'top', 'shots', 'streetfashion', 'fashion street', 'streetfashion fashion', 'vintage thrift', 'newyorkcity style', 'streetstyle vintage']"
719,adidasfootball,2023-05-25 08:42:47+00:00,166938,271,"['adidas', 'prada', 'celebrate', 'fundamentals', 'respective', 'dnas', 'performance']"
720,taylorswift,2022-10-21 12:06:44+00:00,3556687,0,"['antihero', 'video', 'wrote', 'directed', 'watch']"
721,taylorswift,2022-10-21 04:01:01+00:00,4668966,0,"['midnights', 'wild', 'ride', 'album', 'happier']"
722,taylorswift,2022-11-01 12:21:58+00:00,5977526,0,"['enchanted', 'announce', 'next', 'tour', 'taylor']"
723,versace,2023-05-09 15:00:08+00:00,72969,197,"['versace', 'dress', 'atelier', 'springsummer', 'look', 'column', 'skirt']"
724,taylorswift,2022-10-21 07:01:32+00:00,5084480,0,"['surprise', 'think', 'midnights', 'complete', 'concept']"
725,dudalina,2023-05-16 22:00:10+00:00,167,3,"['na', 'duda', 'acreditamos', 'que', 'moda']"
726,taylorswift,2022-10-25 04:08:33+00:00,3977768,0,"['glamour', 'bejeweled', 'video', 'directed', 'tired', 'tacky']"
727,dudalina,2023-05-17 16:56:54+00:00,321,13,"['há', 'mais', 'de', 'seis', 'décadas']"
728,facehunter,2022-11-15 15:14:39+00:00,326,7,"['show', 'style', 'back', 'dimensiondefying', 'collaboration', 'renowned', 'scotch']"
729,prabalgurung,2023-05-12 05:00:28+00:00,3114,4,"['gala\u2060', 'draped', 'perfection\u2060', 'wears', 'atelier', 'prabal']"
730,prabalgurung,2023-05-12 03:55:56+00:00,319,4,"['gala\u2060', 'iridescent', 'isha', 'wears', 'atelier', 'prabal', 'draped skirt', 'skirt halter']"
731,facehunter,2023-01-25 09:17:32+00:00,1075,84,"['ⴷⴷⴰⵅⵍⴰ', 'dakhla', 'atlantic', 'meets', 'sahara']"
732,prabalgurung,2023-05-12 03:56:25+00:00,242,4,"['gala\u2060', 'iridescent', 'isha', 'wears', 'atelier', 'prabal', 'draped skirt', 'skirt halter']"
733,prabalgurung,2023-05-12 12:50:18+00:00,305,3,"['gala', 'memorable', 'evening', 'met', 'alongside']"
734,prabalgurung,2023-05-12 03:56:10+00:00,200,3,"['gala\u2060', 'iridescent', 'isha', 'wears', 'atelier', 'prabal', 'draped skirt', 'skirt halter']"
735,prabalgurung,2023-05-12 12:30:17+00:00,1922,6,"['gala', 'memorable', 'evening', 'met', 'alongside']"
736,prabalgurung,2023-05-12 04:40:18+00:00,1121,4,"['gala\u2060', 'mignight', 'beauty', 'wears', 'atelier', 'prabal', 'skirt halter', 'draped skirt']"
737,prabalgurung,2023-05-12 12:20:19+00:00,214,1,"['gala', 'memorable', 'evening', 'met', 'alongside']"
738,prabalgurung,2023-05-12 12:10:13+00:00,218,0,"['gala', 'memorable', 'evening', 'met', 'alongside']"
739,prabalgurung,2023-05-12 12:00:52+00:00,820,3,"['gala', 'memorable', 'evening', 'met', 'alongside']"
740,prabalgurung,2023-05-12 06:00:34+00:00,812,1,"['gala\u2060', 'glowing', 'glamorous\u2060', 'wears', 'atelier', 'prabal']"
741,imgfocus,2023-05-01 19:13:41+00:00,786,14,"['show', 'april', 'th', 'produced', 'imgfocus', 'collection']"
742,nyfw,2023-04-19 17:21:29+00:00,1088,15,"['mean', 'say', 'want', 'flowers', 'rodarte']"
743,watchingnewyork,2023-03-21 12:36:39+00:00,31962,167,"['fashion', 'style', 'streetstyle', 'monday', 'honor', 'roll', 'streetfashion', 'fashion street', 'streetfashion fashion', 'style streetstyle', 'streetstyle vintage', 'vintage thrift']"
744,prabalgurung,2023-05-12 12:40:16+00:00,294,0,"['gala', 'memorable', 'evening', 'met', 'alongside']"
745,urbanoutfitters,2023-05-26 14:01:03+00:00,1391,2,"['online', 'new', 'outdoorready', 'staples', 'link']"
746,nyfw,2023-04-24 16:33:07+00:00,1915,16,"['casual', 'slay', 'front', 'row', 'christiancowan']"
747,watchingnewyork,2023-04-03 12:42:16+00:00,31287,243,"['fashion', 'style', 'streetstyle', 'job', 'fully', 'reliant', 'people', 'new', 'fashion street', 'streetfashion fashion', 'streetstyle vintage', 'vintage thrift', 'style streetstyle']"
748,fashionweek,2023-04-21 16:06:51+00:00,6170,54,"['milan', 'fly', 'like', 'bird', 'new', 'york']"
749,watchingnewyork,2023-03-17 12:58:01+00:00,64286,218,"['fashion', 'style', 'streetstyle', 'shades', 'green', 'today', 'happy', 'st', 'fashion street', 'streetfashion fashion', 'style streetstyle', 'vintage thrift', 'streetstyle vintage']"
750,nyfw,2023-05-02 01:47:15+00:00,1895,5,"['metgala', 'metgala.', 'wear', 'looks', 'kekepalmer', 'lalaanthony', 'sergiohudson']"
751,nyfw,2023-04-25 15:48:49+00:00,866,13,"['fashion', 'rushing', 'house', 'make', 'elenavelez']"
752,oldprada,2021-04-13 18:38:42+00:00,492,3,"['fw', 'ssaw', 'magazine', 'aw', 'frederik']"
753,datewithversace,2023-05-18 11:02:30+00:00,9782,26,"['premiere', 'versacefw', 'theferragnezlaserie', 'season', 'ferragnez']"
754,whowhatwear,2023-05-23 00:07:50+00:00,3504,12,"['things', 'would', 'looks', 'closet', 'happy']"
755,oldprada,2021-04-13 18:39:02+00:00,294,0,"['fw', 'ssaw', 'magazine', 'aw', 'frederik']"
756,facehunter,2022-10-16 15:20:10+00:00,965,31,"['curonianspit', 'miraculous', 'kmlong', 'sand', 'dune']"
757,oldprada,2021-05-06 20:46:47+00:00,2144,28,"['accessories', 'ss', 'oldprada', 'miuccialover', 'stillobsessed', 'colors']"
758,oldprada,2021-03-10 17:11:28+00:00,544,3,"['accessories', 'fw', 'oldprada', 'miuccialover', 'itsallinthedetails']"
759,whowhatwear,2023-05-23 19:32:37+00:00,7542,36,"['cannes', 'gala', 'cannesfilmfestival', 'chanel', 'couture', 'met', 'super', 'bowl']"
760,facehunter,2022-10-11 14:29:21+00:00,772,3,"['style', 'accra', 'postindependence', 'architecture', 'ghana', 'gained']"
761,oldprada,2021-05-06 20:47:40+00:00,1147,13,"['accessories', 'ss', 'oldprada', 'miuccialover', 'stillobsessed', 'colors']"
762,oldprada,2021-05-06 20:47:15+00:00,1502,15,"['accessories', 'ss', 'oldprada', 'miuccialover', 'stillobsessed', 'colors']"
763,oldprada,2021-03-10 17:11:36+00:00,801,5,"['accessories', 'fw', 'oldprada', 'miuccialover', 'itsallinthedetails']"
764,dudalina,2023-05-02 20:00:10+00:00,667,9,"['se', 'sua', 'mãe', 'ama', 'camisas']"
765,oldprada,2021-04-13 18:39:13+00:00,575,2,"['fw', 'ssaw', 'magazine', 'aw', 'frederik']"
766,datewithversace,2023-05-17 10:33:38+00:00,21955,42,"['versace', 'anne', 'atelier', 'bulgari', 'venice']"
767,datewithversace,2023-05-17 10:57:54+00:00,15118,43,"['versace', 'icon', 'attended', 'event', 'mediterranea', 'jewelry', 'collection']"
768,milanfashionweek,2023-02-28 10:51:32+00:00,2255,15,"['mfw', 'unveiled', 'new', 'collection', 'fallwinter', 'digital']"
769,watchingnewyork,2023-03-15 12:20:32+00:00,26962,179,"['fashion', 'style', 'streetstyle', 'recent', 'favorites', 'streetfashion', 'street', 'fashion street', 'streetfashion fashion', 'streetstyle vintage', 'vintage thrift', 'style streetstyle']"
770,datewithversace,2023-05-13 11:05:24+00:00,2913,26,"['show', 'versace', 'tanya', 'dziahileva', 'years', 'old', 'opened']"
771,watchingnewyork,2023-04-21 12:35:16+00:00,56076,261,"['fashion', 'style', 'streetstyle', 'let', 'go', 'sports', 'love', 'seeing', 'fashion street', 'streetfashion fashion', 'style streetstyle', 'streetstyle vintage', 'vintage thrift']"
772,dudalina,2023-04-27 17:00:12+00:00,1174,29,"['neste', 'dia', 'das', 'mães', 'duda']"
773,prabalgurung,2023-05-12 03:55:19+00:00,148,3,"['gala\u2060', 'iridescent', 'isha', 'wears', 'atelier', 'prabal', 'draped skirt', 'skirt halter']"
774,dudalina,2023-04-27 20:00:10+00:00,5975,234,"['uma', 'nova', 'coleção', 'cápsula', 'de']"
775,nyfw,2023-04-14 22:14:05+00:00,3129,22,"['honors', 'ss', 'bridal', 'bespoke', 'collections']"
776,dudalina,2023-05-04 20:00:09+00:00,713,9,"['amor', 'por', 'camisas', 'atravessa', 'gerações']"
777,whowhatwear,2023-05-26 01:23:16+00:00,19928,36,"['im', 'sending', 'way', 'text', 'wwwtb']"
778,dudalina,2023-05-12 21:00:12+00:00,172,3,"['para', 'surpreender', 'aquela', 'que', 'compartilha']"
779,versace,2023-04-23 15:00:11+00:00,29546,233,"['versace', 'home', 'salone', 'del', 'mobile']"
780,dudalina,2023-05-07 20:00:08+00:00,501,13,"['maioria', 'das', 'relações', 'de', 'afeto']"
781,dudalina,2023-05-09 20:00:10+00:00,307,21,"['presente', 'perfeito', 'para', 'realçar', 'os']"
782,nyfw,2023-04-27 16:37:27+00:00,901,18,"['show', 'runway', 'style', 'street', 'outside', 'proenzaschoulers', 'rtw']"
783,wheresmydriver,2023-03-06 22:39:08+00:00,40,1,"['show', 'streetstyle', 'fashion', 'mix', 'paparazzi', 'flash—well', 'disaster']"
784,wheresmydriver,2023-03-05 12:48:04+00:00,99,3,"['show', 'hermes', 'paris', 'streetstyle', 'questions', 'yesterday']"
785,wheresmydriver,2023-03-04 08:17:06+00:00,43,0,"['paris', 'streetstyle', 'giambatistavalli', 'yesterday', 'mam']"
786,taylorswift,2022-08-29 04:00:16+00:00,8194287,0,"['midnights', 'stories', 'sleepless', 'nights', 'scattered']"
787,wheresmydriver,2023-03-03 09:08:46+00:00,180,7,"['show', 'givenchy', 'paris', 'fashion', 'totally', 'agree', 'model', 'post', 'saw']"
788,watchingnewyork,2023-03-31 12:04:57+00:00,37253,285,"['fashion', 'style', 'streetstyle', 'recent', 'top', 'shots', 'streetfashion', 'fashion street', 'streetfashion fashion', 'streetstyle vintage', 'vintage thrift', 'newyorkcity style']"
789,wheresmydriver,2023-03-06 06:57:41+00:00,37,0,"['paris', 'streetstyle', 'lanvin', 'yesterday', 'cat', 'pencil', 'bag']"
790,dudalina,2023-05-10 21:00:10+00:00,282,13,"['desde', 'cedo', 'elas', 'nos', 'inspiram']"
791,wheresmydriver,2023-03-01 23:16:40+00:00,47,0,"['paris', 'streetstyle', 'situation', 'pacorabanne', 'afternoon', 'camillacoelho']"
792,wheresmydriver,2023-02-28 21:01:08+00:00,55,1,"['show', 'dior', 'paris', 'streetstyle', 'saw', 'afternoon']"
793,wheresmydriver,2023-02-28 22:32:50+00:00,141,1,"['show', 'ysl', 'paris', 'fashion', 'streetstyle', 'interesting', 'person', 'shot', 'today', 'wasnt', 'jeans', 'sunglasses', 'shirt', 'bag']"
794,watchingnewyork,2023-03-24 12:13:13+00:00,61069,274,"['fashion', 'style', 'streetstyle', 'stop', 'wearing', 'black', 'make', 'darker', 'fashion street', 'streetfashion fashion', 'streetstyle vintage', 'vintage thrift', 'style streetstyle']"
795,wheresmydriver,2023-02-23 08:30:11+00:00,36,1,"['show', 'streetstyle', 'selects', 'iceberg', 'kicked']"
796,wheresmydriver,2023-02-23 20:45:46+00:00,123,0,"['show', 'prada', 'milan', 'streetyle', 'today']"
797,wheresmydriver,2023-02-26 10:48:18+00:00,49,2,"['show', 'milan', 'posing', 'dolce', 'gabbana', 'guests', 'models']"
798,wheresmydriver,2023-02-28 21:21:27+00:00,95,2,"['dior', 'diverse', 'guest', 'model', 'beauty', 'looks']"
799,wheresmydriver,2023-02-25 07:16:27+00:00,54,1,"['show', 'mfw', 'gucci', 'milan', 'streetstyle', 'scene']"
800,wheresmydriver,2023-02-24 21:48:34+00:00,41,0,"['show', 'milan', 'streetstyle', 'tods', 'beautiful']"
801,watchingnewyork,2023-04-16 13:02:18+00:00,20110,103,"['fashion', 'style', 'streetstyle', 'april', 'archives', 'streetfashion', 'street', 'fashion street', 'streetfashion fashion', 'newyorkcity style', 'style streetstyle', 'streetstyle vintage']"
802,wheresmydriver,2023-02-24 23:02:23+00:00,47,1,"['show', 'milan', 'streetstyle', 'today', 'sportmax']"
803,wheresmydriver,2023-02-25 21:44:07+00:00,466,8,"['show', 'milan', 'streetstyle', 'notes', 'bally', 'shorts', 'shirt']"
804,facehunter,2023-02-04 15:38:32+00:00,1129,26,"['architecture', 'nouakchott', 'capital', 'mauritania', 'saharanmodernism']"
805,wheresmydriver,2022-12-09 18:09:32+00:00,96,1,"['show', 'celine', 'celines', 'winter', 'held', 'last', 'jacket']"
806,oldprada,2021-02-11 23:39:45+00:00,900,9,"['show', 'runway', 'prada', 'style', 'ss', 'oldprada', 'miuccialover', 'mens']"
807,watchingnewyork,2023-04-14 12:05:03+00:00,49334,185,"['fashion', 'style', 'streetstyle', 'recent', 'favorites', 'streetfashion', 'street', 'fashion street', 'streetfashion fashion', 'streetstyle vintage', 'vintage thrift', 'style streetstyle']"
808,wheresmydriver,2023-01-29 20:41:19+00:00,39,0,"['nadyatolokonnikova', 'founder', 'pussyriot', 'photographed', 'jeffreydeitch']"
809,datewithversace,2023-05-09 17:29:49+00:00,4801,124,"['versace', 'fashion', 'years', 'ago', 'created', 'date']"
810,oldprada,2021-02-11 23:40:02+00:00,710,7,"['prada', 'ss', 'oldprada', 'miuccialover', 'mens']"
811,oldprada,2021-01-08 17:15:10+00:00,453,2,"['prada', 'style', 'fashion', 'fw', 'vogue', 'italia', 'oct', 'non', 'fashion vintageprada']"
812,oldprada,2021-01-14 22:33:30+00:00,248,3,"['prada', 'fashion', 'ss', 'vogue', 'italia', 'mar', 'glow', 'fashion vintageprada']"
813,wheresmydriver,2023-03-03 21:54:32+00:00,57,1,"['show', 'paris', 'streetstyle', 'influencers', 'editors', 'models', 'way', 'work']"
814,oldprada,2021-02-11 23:36:34+00:00,1561,26,"['show', 'runway', 'prada', 'style', 'ss', 'oldprada', 'miuccialover', 'mens']"
815,oldprada,2021-01-08 17:15:02+00:00,423,3,"['prada', 'style', 'fashion', 'fw', 'vogue', 'italia', 'oct', 'non', 'fashion vintageprada']"
816,oldprada,2021-01-08 17:14:51+00:00,575,3,"['prada', 'style', 'fashion', 'fw', 'vogue', 'italia', 'oct', 'non', 'fashion vintageprada']"
817,prabalgurung,2023-05-12 03:55:35+00:00,132,3,"['gala\u2060', 'iridescent', 'isha', 'wears', 'atelier', 'prabal', 'draped skirt', 'skirt halter']"
818,oldprada,2021-01-14 22:33:04+00:00,267,2,"['prada', 'fashion', 'ss', 'vogue', 'italia', 'mar', 'glow', 'fashion vintageprada']"
819,oldprada,2021-01-14 22:33:14+00:00,238,2,"['prada', 'fashion', 'ss', 'vogue', 'italia', 'mar', 'glow', 'fashion vintageprada']"
820,wheresmydriver,2023-03-02 19:11:00+00:00,35,0,"['pfw', 'offwhite', 'streetstyle', 'something', 'today']"
821,zendaya,2022-02-21 01:08:13+00:00,8761243,9924,"['baby', 'rexi…second', 'last', 'episode', 'tonight']"
822,oldprada,2021-01-03 17:37:20+00:00,644,2,"['prada', 'fashion', 'fw', 'vogue', 'italia', 'sep', 'posa', 'fashion vintageprada']"
823,oldprada,2021-01-03 17:37:09+00:00,269,1,"['prada', 'fashion', 'fw', 'vogue', 'italia', 'sep', 'posa', 'fashion vintageprada']"
824,watchingnewyork,2023-03-27 12:03:00+00:00,37544,219,"['fashion', 'style', 'streetstyle', 'recent', 'top', 'shots', 'streetfashion', 'fashion street', 'streetfashion fashion', 'streetstyle vintage', 'vintage thrift', 'newyorkcity style']"
825,watchingnewyork,2023-03-26 13:09:09+00:00,92098,377,"['fashion', 'style', 'streetstyle', 'party', 'back', 'favorite', 'looks', 'behind', 'fashion street', 'streetfashion fashion', 'style streetstyle', 'streetstyle vintage', 'newyorkcity style']"
826,datewithversace,2023-05-18 10:56:17+00:00,3362,6,"['dua', 'lipa', 'la', 'vacanza', 'first', 'collection available', 'collection']"
827,dudalina,2023-05-11 20:19:02+00:00,1515,19,"['clássica', 'camisa', 'branca', 'sempre', 'uma']"
